particao,Localidade,Modelo,horizonte_h,escopo,versao_previsao,N_previsoes,MAE_wm2,RMSE_wm2,nRMSE,nRMSE_percentual,R2
validacao_2023,BMW San Luis Potosi,Persistência,24,todas_horas,bruta,72,43.43055555555556,88.70390039025592,0.46307140574959593,46.30714057495959,0.8685988454109892
validacao_2023,BMW San Luis Potosi,Persistência,24,todas_horas,pos_processada,72,43.94444444444444,88.80154997396035,0.4635811773582617,46.35811773582617,0.8683093805592628
validacao_2023,BMW San Luis Potosi,Sazonal Ingênuo,24,todas_horas,bruta,72,48.6875,98.33762349398344,0.5133634637156909,51.336346371569086,0.8385071997101434
validacao_2023,BMW San Luis Potosi,Sazonal Ingênuo,24,todas_horas,pos_processada,72,49.3125,98.43217137252998,0.5138570431280568,51.38570431280568,0.8381965120748167
validacao_2023,BMW San Luis Potosi,XGBoost,24,todas_horas,bruta,72,82.28434500572297,128.94778705570866,0.673161301334906,67.3161301334906,0.722321960201399
validacao_2023,BMW San Luis Potosi,XGBoost,24,todas_horas,pos_processada,72,80.03901384850421,128.25373583887708,0.6695380641240684,66.95380641240683,0.7253030757097809
validacao_2023,BMW San Luis Potosi,LSTM,24,todas_horas,bruta,72,390.55966764332777,473.4379005048486,2.4715435641204393,247.15435641204394,-2.7431720724640005
validacao_2023,BMW San Luis Potosi,LSTM,24,todas_horas,pos_processada,72,179.77497919586799,285.3950857223091,1.489881537993493,148.9881537993493,-0.36021239922846493
validacao_2023,BMW San Luis Potosi,TimesNet,24,todas_horas,bruta,72,180.06237083787306,242.72027457563206,1.26710120138091,126.710120138091,0.016156869457073175
validacao_2023,BMW San Luis Potosi,TimesNet,24,todas_horas,pos_processada,72,131.25858305146298,222.9066094883398,1.163665594776716,116.3665594776716,0.17022634822308513
validacao_2023,BMW San Luis Potosi,Persistência,24,diurno_elevacao_gt_0,bruta,35,88.8,127.20613192767084,0.32412744739869537,32.41274473986954,0.6372173182689316
validacao_2023,BMW San Luis Potosi,Persistência,24,diurno_elevacao_gt_0,pos_processada,35,88.8,127.20613192767084,0.32412744739869537,32.41274473986954,0.6372173182689316
validacao_2023,BMW San Luis Potosi,Sazonal Ingênuo,24,diurno_elevacao_gt_0,bruta,35,99.84285714285714,141.0347221684889,0.3593633718620495,35.936337186204945,0.5540537175725545
validacao_2023,BMW San Luis Potosi,Sazonal Ingênuo,24,diurno_elevacao_gt_0,pos_processada,35,99.84285714285714,141.0347221684889,0.3593633718620495,35.936337186204945,0.5540537175725545
validacao_2023,BMW San Luis Potosi,XGBoost,24,diurno_elevacao_gt_0,bruta,35,163.05168563120864,183.84053606141921,0.4684346798303489,46.84346798303489,0.24227257098556798
validacao_2023,BMW San Luis Potosi,XGBoost,24,diurno_elevacao_gt_0,pos_processada,35,163.05168563120864,183.84053606141921,0.4684346798303489,46.84346798303489,0.24227257098556798
validacao_2023,BMW San Luis Potosi,LSTM,24,diurno_elevacao_gt_0,bruta,35,542.9180571826441,606.1817072791376,1.5445806460956477,154.45806460956476,-7.23827161025916
validacao_2023,BMW San Luis Potosi,LSTM,24,diurno_elevacao_gt_0,pos_processada,35,368.22281434578554,409.28519769122147,1.0428787069884065,104.28787069884065,-2.75562766406284
validacao_2023,BMW San Luis Potosi,TimesNet,24,diurno_elevacao_gt_0,bruta,35,268.41765656300953,319.6456597036465,0.8144727788022443,81.44727788022443,-1.2906992661012624
validacao_2023,BMW San Luis Potosi,TimesNet,24,diurno_elevacao_gt_0,pos_processada,35,268.41765656300953,319.6456597036465,0.8144727788022443,81.44727788022443,-1.2906992661012624
validacao_2023,BYD Camacari,Persistência,24,todas_horas,bruta,72,42.05555555555556,83.24595418931113,0.32687310564341077,32.687310564341075,0.9333405439338431
validacao_2023,BYD Camacari,Persistência,24,todas_horas,pos_processada,72,42.333333333333336,83.27347850439672,0.3269811824675682,32.69811824675682,0.9332964562851278
validacao_2023,BYD Camacari,Sazonal Ingênuo,24,todas_horas,bruta,72,35.833333333333336,89.5148963394734,0.35148869939421834,35.148869939421836,0.9229227661413365
validacao_2023,BYD Camacari,Sazonal Ingênuo,24,todas_horas,pos_processada,72,36.15277777777778,89.54119163826222,0.3515919503697478,35.15919503697478,0.9228774761022016
validacao_2023,BYD Camacari,XGBoost,24,todas_horas,bruta,72,46.83451728418004,78.921302271421,0.3098919512198245,30.989195121982448,0.9400865980593989
validacao_2023,BYD Camacari,XGBoost,24,todas_horas,pos_processada,72,45.37953033042787,77.98161344562706,0.3062021742472745,30.620217424727446,0.9415048408051097
validacao_2023,BYD Camacari,LSTM,24,todas_horas,bruta,72,393.95944442206786,489.11759500569207,1.9205664570888572,192.05664570888572,-1.3012408043750594
validacao_2023,BYD Camacari,LSTM,24,todas_horas,pos_processada,72,197.09160630818872,325.3779433496464,1.2776272419041006,127.76272419041005,-0.018384342899144368
validacao_2023,BYD Camacari,TimesNet,24,todas_horas,bruta,72,217.6845164940589,302.0807938437747,1.186148782851241,118.61487828512409,0.12222800240816367
validacao_2023,BYD Camacari,TimesNet,24,todas_horas,pos_processada,72,164.15170552860945,285.452305949441,1.120855453786696,112.0855453786696,0.2162047890838611
validacao_2023,BYD Camacari,Persistência,24,diurno_elevacao_gt_0,bruta,37,81.74324324324324,116.12467088947632,0.23462091535579227,23.462091535579226,0.8385626586400287
validacao_2023,BYD Camacari,Persistência,24,diurno_elevacao_gt_0,pos_processada,37,81.74324324324324,116.12467088947632,0.23462091535579227,23.462091535579226,0.8385626586400287
validacao_2023,BYD Camacari,Sazonal Ingênuo,24,diurno_elevacao_gt_0,bruta,37,69.71621621621621,124.87071692733227,0.25229162487365775,25.229162487365777,0.8133292747685522
validacao_2023,BYD Camacari,Sazonal Ingênuo,24,diurno_elevacao_gt_0,pos_processada,37,69.71621621621621,124.87071692733227,0.25229162487365775,25.229162487365777,0.8133292747685522
validacao_2023,BYD Camacari,XGBoost,24,diurno_elevacao_gt_0,bruta,37,87.67097794029208,108.73998948172763,0.21970073777228868,21.97007377722887,0.8584422739114741
validacao_2023,BYD Camacari,XGBoost,24,diurno_elevacao_gt_0,pos_processada,37,87.67097794029208,108.73998948172763,0.21970073777228868,21.97007377722887,0.8584422739114741
validacao_2023,BYD Camacari,LSTM,24,diurno_elevacao_gt_0,bruta,37,557.7474567287073,627.970544145222,1.2687659112856011,126.87659112856011,-3.7209951084367194
validacao_2023,BYD Camacari,LSTM,24,diurno_elevacao_gt_0,pos_processada,37,382.8944771402591,453.8829109436763,0.9170353139800155,91.70353139800154,-1.466281626243318
validacao_2023,BYD Camacari,TimesNet,24,diurno_elevacao_gt_0,bruta,37,318.79521075837516,398.18636530247437,0.8045047516076859,80.45047516076859,-0.8981379581035114
validacao_2023,BYD Camacari,TimesNet,24,diurno_elevacao_gt_0,pos_processada,37,318.79521075837516,398.18636530247437,0.8045047516076859,80.45047516076859,-0.8981379581035114
validacao_2023,BMW San Luis Potosi,Persistência,48,todas_horas,bruta,144,44.71527777777778,99.24931779782335,0.47927235958707454,47.927235958707456,0.8671817395918946
validacao_2023,BMW San Luis Potosi,Persistência,48,todas_horas,pos_processada,144,45.236111111111114,99.34112804987782,0.47971570889277015,47.97157088927702,0.8669358997557753
validacao_2023,BMW San Luis Potosi,Sazonal Ingênuo,48,todas_horas,bruta,144,67.65625,136.08590398674247,0.6571552707609294,65.71552707609294,0.7502939801544376
validacao_2023,BMW San Luis Potosi,Sazonal Ingênuo,48,todas_horas,pos_processada,144,68.17708333333333,136.15169108795936,0.6574729549519164,65.74729549519164,0.7500524943660729
validacao_2023,BMW San Luis Potosi,XGBoost,48,todas_horas,bruta,144,77.94475747068483,125.44842353563611,0.6057871559064922,60.578715590649225,0.787805978638387
validacao_2023,BMW San Luis Potosi,XGBoost,48,todas_horas,pos_processada,144,75.57544586171086,124.6724947308385,0.602040216004049,60.2040216004049,0.7904228032523166
validacao_2023,BMW San Luis Potosi,LSTM,48,todas_horas,bruta,144,402.1910516414209,501.93517673045153,2.4238318393422205,242.38318393422205,-2.3970191361408073
validacao_2023,BMW San Luis Potosi,LSTM,48,todas_horas,pos_processada,144,188.2108837448371,316.9933851309708,1.5307527652199797,153.07527652199798,-0.35488715831837747
validacao_2023,BMW San Luis Potosi,TimesNet,48,todas_horas,bruta,144,206.57225332882567,288.3848573445611,1.3926029328509992,139.26029328509992,-0.12136664065997738
validacao_2023,BMW San Luis Potosi,TimesNet,48,todas_horas,pos_processada,144,155.88859621582864,272.0717198648899,1.313827218663452,131.3827218663452,0.0019103980948529387
validacao_2023,BMW San Luis Potosi,Persistência,48,diurno_elevacao_gt_0,bruta,70,91.46428571428571,142.33480399597082,0.3353732527632818,33.537325276328176,0.6658079726261925
validacao_2023,BMW San Luis Potosi,Persistência,48,diurno_elevacao_gt_0,pos_processada,70,91.46428571428571,142.33480399597082,0.3353732527632818,33.537325276328176,0.6658079726261925
validacao_2023,BMW San Luis Potosi,Sazonal Ingênuo,48,diurno_elevacao_gt_0,bruta,70,138.65714285714284,195.17118859386716,0.45986782239327806,45.98678223932781,0.3716446984403249
validacao_2023,BMW San Luis Potosi,Sazonal Ingênuo,48,diurno_elevacao_gt_0,pos_processada,70,138.65714285714284,195.17118859386716,0.45986782239327806,45.98678223932781,0.3716446984403249
validacao_2023,BMW San Luis Potosi,XGBoost,48,diurno_elevacao_gt_0,bruta,70,153.87663148694804,178.69695039796034,0.42105076082122034,42.10507608212203,0.4732456246135328
validacao_2023,BMW San Luis Potosi,XGBoost,48,diurno_elevacao_gt_0,pos_processada,70,153.87663148694804,178.69695039796034,0.42105076082122034,42.10507608212203,0.4732456246135328
validacao_2023,BMW San Luis Potosi,LSTM,48,diurno_elevacao_gt_0,bruta,70,545.1104640623555,633.0213290416061,1.4915425899292267,149.15425899292268,-5.6101384585055225
validacao_2023,BMW San Luis Potosi,LSTM,48,diurno_elevacao_gt_0,pos_processada,70,385.58381798937916,454.6092332230906,1.0711630114484523,107.11630114484522,-2.4091834689779468
validacao_2023,BMW San Luis Potosi,TimesNet,48,diurno_elevacao_gt_0,bruta,70,319.92261402292974,390.56336938562606,0.9202563527944468,92.02563527944469,-1.5162679568964683
validacao_2023,BMW San Luis Potosi,TimesNet,48,diurno_elevacao_gt_0,pos_processada,70,319.0922550725618,390.1716057991925,0.9193332684566193,91.93332684566194,-1.5112224875529523
validacao_2023,BYD Camacari,Persistência,48,todas_horas,bruta,144,58.12847222222222,128.2372949630662,0.5374713082931393,53.747130829313924,0.8311662409277079
validacao_2023,BYD Camacari,Persistência,48,todas_horas,pos_processada,144,58.39930555555556,128.25548910713766,0.5375475640377742,53.754756403777414,0.8311183296917746
validacao_2023,BYD Camacari,Sazonal Ingênuo,48,todas_horas,bruta,144,41.09027777777778,91.91175568627408,0.3852228136163419,38.52228136163419,0.9132693268200314
validacao_2023,BYD Camacari,Sazonal Ingênuo,48,todas_horas,pos_processada,144,41.39930555555556,91.93788475257507,0.3853323264024103,38.533232640241025,0.9132200074785777
validacao_2023,BYD Camacari,XGBoost,48,todas_horas,bruta,144,67.54431840667934,123.16011787282274,0.5161917186549217,51.61917186549218,0.8442705373673791
validacao_2023,BYD Camacari,XGBoost,48,todas_horas,pos_processada,144,66.1114095273984,122.57271340211787,0.513729774573382,51.372977457338195,0.8457524787488017
validacao_2023,BYD Camacari,LSTM,48,todas_horas,bruta,144,371.21890960600126,474.6442187170723,1.9893405368626476,198.93405368626475,-1.312953938672667
validacao_2023,BYD Camacari,LSTM,48,todas_horas,pos_processada,144,203.783358128819,339.07947069586226,1.4211582268850809,142.11582268850808,-0.18041191976418913
validacao_2023,BYD Camacari,TimesNet,48,todas_horas,bruta,144,229.47688334642186,319.58229748636154,1.3394411944418558,133.9441194441856,-0.04856660577469962
validacao_2023,BYD Camacari,TimesNet,48,todas_horas,pos_processada,144,175.37529860110953,304.15222041885175,1.27477027549486,127.477027549486,0.05024284090932851
validacao_2023,BYD Camacari,Persistência,48,diurno_elevacao_gt_0,bruta,74,113.00675675675676,178.88654301056374,0.38581787449269805,38.581787449269804,0.6249842205609684
validacao_2023,BYD Camacari,Persistência,48,diurno_elevacao_gt_0,pos_processada,74,113.00675675675676,178.88654301056374,0.38581787449269805,38.581787449269804,0.6249842205609684
validacao_2023,BYD Camacari,Sazonal Ingênuo,48,diurno_elevacao_gt_0,bruta,74,79.92567567567568,128.21414993378556,0.27652896620859885,27.652896620859885,0.8073512862804291
validacao_2023,BYD Camacari,Sazonal Ingênuo,48,diurno_elevacao_gt_0,pos_processada,74,79.92567567567568,128.21414993378556,0.27652896620859885,27.652896620859885,0.8073512862804291
validacao_2023,BYD Camacari,XGBoost,48,diurno_elevacao_gt_0,bruta,74,128.01409421547794,170.95801563735958,0.36871783148495674,36.87178314849567,0.6574900949203377
validacao_2023,BYD Camacari,XGBoost,48,diurno_elevacao_gt_0,pos_processada,74,128.01409421547794,170.95801563735958,0.36871783148495674,36.87178314849567,0.6574900949203377
validacao_2023,BYD Camacari,LSTM,48,diurno_elevacao_gt_0,bruta,74,521.6508153327111,612.9139957822085,1.321917071680198,132.1917071680198,-3.4024382794379227
validacao_2023,BYD Camacari,LSTM,48,diurno_elevacao_gt_0,pos_processada,74,395.916264466891,472.9963329442388,1.0201462711960965,102.01462711960964,-1.6218615011400996
validacao_2023,BYD Camacari,TimesNet,48,diurno_elevacao_gt_0,bruta,74,341.49432566067253,425.3167954612316,0.9173122765372448,91.73122765372447,-1.1199189893394519
validacao_2023,BYD Camacari,TimesNet,48,diurno_elevacao_gt_0,pos_processada,74,340.63571619675366,424.272669189115,0.9150603319681878,91.50603319681878,-1.1095232270370685
validacao_2023,BMW San Luis Potosi,Persistência,72,todas_horas,bruta,216,49.254629629629626,107.83441739108194,0.49698581425040433,49.69858142504043,0.8588385465146509
validacao_2023,BMW San Luis Potosi,Persistência,72,todas_horas,pos_processada,216,49.68981481481482,107.91304155215455,0.49734817622773775,49.734817622773775,0.8586326243746976
validacao_2023,BMW San Luis Potosi,Sazonal Ingênuo,72,todas_horas,bruta,216,64.50231481481481,133.60791605096415,0.6157703686390905,61.57703686390905,0.7832966080183063
validacao_2023,BMW San Luis Potosi,Sazonal Ingênuo,72,todas_horas,pos_processada,216,65.04166666666667,133.6751607858061,0.6160802852696805,61.60802852696805,0.783078419910273
validacao_2023,BMW San Luis Potosi,XGBoost,72,todas_horas,bruta,216,70.728370035604,118.11360079136661,0.5443603766175601,54.43603766175601,0.8306437814491515
validacao_2023,BMW San Luis Potosi,XGBoost,72,todas_horas,pos_processada,216,68.33187573908126,117.31502040519398,0.5406798900617044,54.067989006170436,0.8329261155933467
validacao_2023,BMW San Luis Potosi,LSTM,72,todas_horas,bruta,216,378.06609725590397,476.1409298150636,2.194431920968992,219.4431920968992,-1.752151646834157
validacao_2023,BMW San Luis Potosi,LSTM,72,todas_horas,pos_processada,216,194.14358641893637,328.4270781163844,1.5136503056124573,151.36503056124573,-0.30942082036971863
validacao_2023,BMW San Luis Potosi,TimesNet,72,todas_horas,bruta,216,210.16208071616927,290.92608087092145,1.3408162132869403,134.08162132869404,-0.02746406591783801
validacao_2023,BMW San Luis Potosi,TimesNet,72,todas_horas,pos_processada,216,159.34291869662357,275.13567710945614,1.2680416125555833,126.80416125555834,0.08104308987336861
validacao_2023,BMW San Luis Potosi,Persistência,72,diurno_elevacao_gt_0,bruta,105,100.68571428571428,154.64423072083255,0.34765649436233925,34.76564943623393,0.6503755586612572
validacao_2023,BMW San Luis Potosi,Persistência,72,diurno_elevacao_gt_0,pos_processada,105,100.68571428571428,154.64423072083255,0.34765649436233925,34.76564943623393,0.6503755586612572
validacao_2023,BMW San Luis Potosi,Sazonal Ingênuo,72,diurno_elevacao_gt_0,bruta,105,132.26666666666668,191.61976237677922,0.4307813781861392,43.07813781861392,0.463196999179169
validacao_2023,BMW San Luis Potosi,Sazonal Ingênuo,72,diurno_elevacao_gt_0,pos_processada,105,132.26666666666668,191.61976237677922,0.4307813781861392,43.07813781861392,0.463196999179169
validacao_2023,BMW San Luis Potosi,XGBoost,72,diurno_elevacao_gt_0,bruta,105,139.03509675849097,168.13988866238597,0.37799615273306486,37.799615273306486,0.5866900587328907
validacao_2023,BMW San Luis Potosi,XGBoost,72,diurno_elevacao_gt_0,pos_processada,105,139.03509675849097,168.13988866238597,0.37799615273306486,37.799615273306486,0.5866900587328907
validacao_2023,BMW San Luis Potosi,LSTM,72,diurno_elevacao_gt_0,bruta,105,515.461020042428,599.5821505368934,1.3479237315628358,134.7923731562836,-4.255714086922495
validacao_2023,BMW San Luis Potosi,LSTM,72,diurno_elevacao_gt_0,pos_processada,105,397.84775872847865,471.0109508205695,1.0588821529602148,105.88821529602149,-2.2433689091042273
validacao_2023,BMW San Luis Potosi,TimesNet,72,diurno_elevacao_gt_0,bruta,105,326.81138633329954,394.82633149231964,0.8876111164881078,88.76111164881078,-1.2790117152929583
validacao_2023,BMW San Luis Potosi,TimesNet,72,diurno_elevacao_gt_0,pos_processada,105,326.2578136997209,394.5680207734294,0.8870304068258914,88.70304068258915,-1.276030654838603
validacao_2023,BYD Camacari,Persistência,72,todas_horas,bruta,216,61.800925925925924,131.2469223625058,0.5585470585513148,55.854705855131485,0.8176247533872567
validacao_2023,BYD Camacari,Persistência,72,todas_horas,pos_processada,216,62.06481481481482,131.26448773655707,0.5586218114509034,55.86218114509034,0.8175759338989887
validacao_2023,BYD Camacari,Sazonal Ingênuo,72,todas_horas,bruta,216,50.273148148148145,106.13375994470374,0.45167306297949994,45.16730629794999,0.8807400190741257
validacao_2023,BYD Camacari,Sazonal Ingênuo,72,todas_horas,pos_processada,216,50.55555555555556,106.15566618397231,0.45176628928368395,45.176628928368395,0.8806907829536789
validacao_2023,BYD Camacari,XGBoost,72,todas_horas,bruta,216,67.62827003070291,121.55128598354557,0.5172853734559968,51.728537345599676,0.8435747883123813
validacao_2023,BYD Camacari,XGBoost,72,todas_horas,pos_processada,216,66.07969076479397,120.86011258476823,0.5143439492923908,51.43439492923908,0.8453486824063436
validacao_2023,BYD Camacari,LSTM,72,todas_horas,bruta,216,365.84309203481234,470.50013441761286,2.0023057409385068,200.2305740938507,-1.3437276260238353
validacao_2023,BYD Camacari,LSTM,72,todas_horas,pos_processada,216,191.18294035162157,326.0700167943784,1.3876550054198211,138.7655005419821,-0.1256655295079414
validacao_2023,BYD Camacari,TimesNet,72,todas_horas,bruta,216,223.2488246452822,311.90165411613674,1.327358754993755,132.7358754993755,-0.02996624404839454
validacao_2023,BYD Camacari,TimesNet,72,todas_horas,pos_processada,216,172.33860792324845,297.2882305029997,1.2651684603372626,126.51684603372627,0.064286128824812
validacao_2023,BYD Camacari,Persistência,72,diurno_elevacao_gt_0,bruta,111,120.14864864864865,183.08493204614723,0.4009475487732775,40.09475487732775,0.5947960783079551
validacao_2023,BYD Camacari,Persistência,72,diurno_elevacao_gt_0,pos_processada,111,120.14864864864865,183.08493204614723,0.4009475487732775,40.09475487732775,0.5947960783079551
validacao_2023,BYD Camacari,Sazonal Ingênuo,72,diurno_elevacao_gt_0,bruta,111,97.75225225225225,148.0528500110565,0.3242289064283485,32.42289064283485,0.7350267836015735
validacao_2023,BYD Camacari,Sazonal Ingênuo,72,diurno_elevacao_gt_0,pos_processada,111,97.75225225225225,148.0528500110565,0.3242289064283485,32.42289064283485,0.7350267836015735
validacao_2023,BYD Camacari,XGBoost,72,diurno_elevacao_gt_0,bruta,111,127.96138022698646,168.56894442763468,0.36915820604244665,36.915820604244665,0.6565025098285934
validacao_2023,BYD Camacari,XGBoost,72,diurno_elevacao_gt_0,pos_processada,111,127.96138022698646,168.56894442763468,0.36915820604244665,36.915820604244665,0.6565025098285934
validacao_2023,BYD Camacari,LSTM,72,diurno_elevacao_gt_0,bruta,111,506.18722576288894,605.8503041342318,1.3267841960087545,132.67841960087546,-3.437098747735565
validacao_2023,BYD Camacari,LSTM,72,diurno_elevacao_gt_0,pos_processada,111,371.4055415851374,454.8482462910002,0.9960966605828241,99.60966605828241,-1.500929692360104
validacao_2023,BYD Camacari,TimesNet,72,diurno_elevacao_gt_0,bruta,111,336.19880311570324,416.3128036220792,0.9117058201880359,91.17058201880359,-1.0951154961736607
validacao_2023,BYD Camacari,TimesNet,72,diurno_elevacao_gt_0,pos_processada,111,334.73548929208704,414.6974835857433,0.9081683438822853,90.81683438822853,-1.0788886763606373
teste_2024,BMW San Luis Potosi,Persistência,24,todas_horas,bruta,72,56.75,143.35695057365643,0.7144775856645736,71.44775856645737,0.7135430349561891
teste_2024,BMW San Luis Potosi,Persistência,24,todas_horas,pos_processada,72,57.25694444444444,143.39910070615272,0.7146876579685734,71.46876579685734,0.7133745607521228
teste_2024,BMW San Luis Potosi,Sazonal Ingênuo,24,todas_horas,bruta,72,45.34027777777778,117.6466136123112,0.5863396795131282,58.63396795131281,0.8070784514275614
teste_2024,BMW San Luis Potosi,Sazonal Ingênuo,24,todas_horas,pos_processada,72,45.90277777777778,117.69974157434105,0.586604464289105,58.6604464289105,0.8069041694370866
teste_2024,BMW San Luis Potosi,XGBoost,24,todas_horas,bruta,72,59.47608853630178,107.5318142770247,0.5359284690371908,53.592846903719085,0.8388256882612176
teste_2024,BMW San Luis Potosi,XGBoost,24,todas_horas,pos_processada,72,57.527313566430365,107.18047119214924,0.5341774080804863,53.41774080804863,0.8398771904539624
teste_2024,BMW San Luis Potosi,LSTM,24,todas_horas,bruta,72,399.13906752917035,492.56026296976967,2.454874117178792,245.48741171787918,-2.3817431784229077
teste_2024,BMW San Luis Potosi,LSTM,24,todas_horas,pos_processada,72,188.43170937833688,310.556818461614,1.5477860332423914,154.77860332423913,-0.34432419634753586
teste_2024,BMW San Luis Potosi,TimesNet,24,todas_horas,bruta,72,189.13192576195837,275.50570720455386,1.3730945847594833,137.30945847594833,-0.057993689864606734
teste_2024,BMW San Luis Potosi,TimesNet,24,todas_horas,pos_processada,72,144.2043277587638,261.63762971235946,1.3039773882455874,130.39773882455873,0.045837619406621344
teste_2024,BMW San Luis Potosi,Persistência,24,diurno_elevacao_gt_0,bruta,35,116.47142857142858,205.6099115176253,0.4997289610164151,49.97289610164151,0.30800013979657814
teste_2024,BMW San Luis Potosi,Persistência,24,diurno_elevacao_gt_0,pos_processada,35,116.47142857142858,205.6099115176253,0.4997289610164151,49.97289610164151,0.30800013979657814
teste_2024,BMW San Luis Potosi,Sazonal Ingênuo,24,diurno_elevacao_gt_0,bruta,35,93.11428571428571,168.73605762508836,0.41010812241783917,41.01081224178392,0.5339487144320297
teste_2024,BMW San Luis Potosi,Sazonal Ingênuo,24,diurno_elevacao_gt_0,pos_processada,35,93.11428571428571,168.73605762508836,0.41010812241783917,41.01081224178392,0.5339487144320297
teste_2024,BMW San Luis Potosi,XGBoost,24,diurno_elevacao_gt_0,bruta,35,117.0276164795139,153.64091206984847,0.3734198064264919,37.34198064264919,0.6136048490501314
teste_2024,BMW San Luis Potosi,XGBoost,24,diurno_elevacao_gt_0,pos_processada,35,117.0276164795139,153.64091206984847,0.3734198064264919,37.34198064264919,0.6136048490501314
teste_2024,BMW San Luis Potosi,LSTM,24,diurno_elevacao_gt_0,bruta,35,560.7673108605402,636.7848817382984,1.5476872928606955,154.76872928606954,-5.63748270395247
teste_2024,BMW San Luis Potosi,LSTM,24,diurno_elevacao_gt_0,pos_processada,35,386.3166592925787,445.3942458893177,1.0825178713326704,108.25178713326704,-2.2471856449032446
teste_2024,BMW San Luis Potosi,TimesNet,24,diurno_elevacao_gt_0,bruta,35,295.3346171037427,375.22520659572376,0.9119740447102762,91.19740447102762,-1.3046337900807843
teste_2024,BMW San Luis Potosi,TimesNet,24,diurno_elevacao_gt_0,pos_processada,35,295.3346171037427,375.22520659572376,0.9119740447102762,91.19740447102762,-1.3046337900807843
teste_2024,BYD Camacari,Persistência,24,todas_horas,bruta,72,21.72222222222222,52.340365769536696,0.17864452881757015,17.864452881757014,0.9789576726678998
teste_2024,BYD Camacari,Persistência,24,todas_horas,pos_processada,72,22.03472222222222,52.38588788977428,0.1787999017806944,17.87999017806944,0.9789210543563749
teste_2024,BYD Camacari,Sazonal Ingênuo,24,todas_horas,bruta,72,48.201388888888886,91.590972535507,0.3126119944326383,31.26119944326383,0.9355644401049574
teste_2024,BYD Camacari,Sazonal Ingênuo,24,todas_horas,pos_processada,72,48.486111111111114,91.61638772621413,0.31269873980978513,31.269873980978513,0.9355286752427906
teste_2024,BYD Camacari,XGBoost,24,todas_horas,bruta,72,106.4238607748347,175.8873870908396,0.6003267063541339,60.03267063541339,0.7623763513439119
teste_2024,BYD Camacari,XGBoost,24,todas_horas,pos_processada,72,103.49236327416212,175.16024142201454,0.5978448628767503,59.78448628767503,0.7643370359123037
teste_2024,BYD Camacari,LSTM,24,todas_horas,bruta,72,432.7030766494055,541.8590053031081,1.849435808571879,184.9435808571879,-1.2552404706692224
teste_2024,BYD Camacari,LSTM,24,todas_horas,pos_processada,72,235.74702756117202,380.06427619028267,1.297209191073731,129.72091910737308,-0.10951803591913367
teste_2024,BYD Camacari,TimesNet,24,todas_horas,bruta,72,250.33796192509018,340.5236932339263,1.1622519987126188,116.22519987126188,0.10933387376931114
teste_2024,BYD Camacari,TimesNet,24,todas_horas,pos_processada,72,193.41977211175902,322.9257025768482,1.1021877499660144,110.21877499660144,0.19901295521968376
teste_2024,BYD Camacari,Persistência,24,diurno_elevacao_gt_0,bruta,37,42.21621621621622,73.01295701375128,0.12821145248137428,12.821145248137428,0.9445142705359016
teste_2024,BYD Camacari,Persistência,24,diurno_elevacao_gt_0,pos_processada,37,42.21621621621622,73.01295701375128,0.12821145248137428,12.821145248137428,0.9445142705359016
teste_2024,BYD Camacari,Sazonal Ingênuo,24,diurno_elevacao_gt_0,bruta,37,93.6891891891892,127.76575377556318,0.22435788850268562,22.435788850268562,0.8300933615074675
teste_2024,BYD Camacari,Sazonal Ingênuo,24,diurno_elevacao_gt_0,pos_processada,37,93.6891891891892,127.76575377556318,0.22435788850268562,22.435788850268562,0.8300933615074675
teste_2024,BYD Camacari,XGBoost,24,diurno_elevacao_gt_0,bruta,37,200.7283825875587,244.3244786776735,0.4290361268633359,42.903612686333595,0.37867992462287736
teste_2024,BYD Camacari,XGBoost,24,diurno_elevacao_gt_0,pos_processada,37,200.7283825875587,244.3244786776735,0.4290361268633359,42.903612686333595,0.37867992462287736
teste_2024,BYD Camacari,LSTM,24,diurno_elevacao_gt_0,bruta,37,632.9696181454772,707.1748134421739,1.241805751992617,124.18057519926168,-4.205170908034258
teste_2024,BYD Camacari,LSTM,24,diurno_elevacao_gt_0,pos_processada,37,458.0888103893077,530.1700961266067,0.930983771466479,93.0983771466479,-1.9255793421099567
teste_2024,BYD Camacari,TimesNet,24,diurno_elevacao_gt_0,bruta,37,375.722259244504,450.4618478520976,0.791015323344373,79.1015323344373,-1.112017209986723
teste_2024,BYD Camacari,TimesNet,24,diurno_elevacao_gt_0,pos_processada,37,375.722259244504,450.4618478520976,0.791015323344373,79.1015323344373,-1.112017209986723
teste_2024,BMW San Luis Potosi,Persistência,48,todas_horas,bruta,144,67.82638888888889,154.38341744932754,0.8876861568720319,88.7686156872032,0.6072059292253655
teste_2024,BMW San Luis Potosi,Persistência,48,todas_horas,pos_processada,144,68.125,154.40294956163672,0.8877984641780742,88.77984641780742,0.6071065327570588
teste_2024,BMW San Luis Potosi,Sazonal Ingênuo,48,todas_horas,bruta,144,63.298611111111114,129.3662705052768,0.7438405587270348,74.38405587270348,0.7241927112689959
teste_2024,BMW San Luis Potosi,Sazonal Ingênuo,48,todas_horas,pos_processada,144,63.614583333333336,129.3853055476806,0.7439500079406647,74.39500079406646,0.7241115403476988
teste_2024,BMW San Luis Potosi,XGBoost,48,todas_horas,bruta,144,74.46442276513699,132.9834374247962,0.7646388352168445,76.46388352168445,0.7085535751975409
teste_2024,BMW San Luis Potosi,XGBoost,48,todas_horas,pos_processada,144,72.33637216887695,132.61323143310366,0.7625101951112813,76.25101951112812,0.7101740030153458
teste_2024,BMW San Luis Potosi,LSTM,48,todas_horas,bruta,144,380.2211658170046,474.32781588160043,2.727328121983328,272.7328121983328,-2.7078385046396307
teste_2024,BMW San Luis Potosi,LSTM,48,todas_horas,pos_processada,144,166.03527381780765,284.3307287782055,1.6348676307323748,163.48676307323748,-0.3323281970861496
teste_2024,BMW San Luis Potosi,TimesNet,48,todas_horas,bruta,144,177.25450703607768,259.14377232324836,1.4900456482410065,149.00456482410064,-0.10673890220806626
teste_2024,BMW San Luis Potosi,TimesNet,48,todas_horas,pos_processada,144,132.3719856816913,244.99993156675433,1.4087202581701255,140.87202581701254,0.010773939544875266
teste_2024,BMW San Luis Potosi,Persistência,48,diurno_elevacao_gt_0,bruta,70,139.05714285714285,221.41631763328942,0.6207602625092221,62.07602625092221,0.18024724473209697
teste_2024,BMW San Luis Potosi,Persistência,48,diurno_elevacao_gt_0,pos_processada,70,139.05714285714285,221.41631763328942,0.6207602625092221,62.07602625092221,0.18024724473209697
teste_2024,BMW San Luis Potosi,Sazonal Ingênuo,48,diurno_elevacao_gt_0,bruta,70,129.77857142857144,185.5264420892227,0.5201398168153472,52.013981681534716,0.42446032185448246
teste_2024,BMW San Luis Potosi,Sazonal Ingênuo,48,diurno_elevacao_gt_0,pos_processada,70,129.77857142857144,185.5264420892227,0.5201398168153472,52.013981681534716,0.42446032185448246
teste_2024,BMW San Luis Potosi,XGBoost,48,diurno_elevacao_gt_0,bruta,70,147.72053703311832,190.15733176814808,0.5331229262964741,53.31229262964741,0.39536986709932764
teste_2024,BMW San Luis Potosi,XGBoost,48,diurno_elevacao_gt_0,pos_processada,70,147.72053703311832,190.15733176814808,0.5331229262964741,53.31229262964741,0.39536986709932764
teste_2024,BMW San Luis Potosi,LSTM,48,diurno_elevacao_gt_0,bruta,70,499.7314403712483,587.4393886160134,1.6469383692374613,164.69383692374612,-4.770185351984531
teste_2024,BMW San Luis Potosi,LSTM,48,diurno_elevacao_gt_0,pos_processada,70,340.47256328234715,407.78661645463814,1.1432659064332211,114.3265906433221,-1.7805427321662948
teste_2024,BMW San Luis Potosi,TimesNet,48,diurno_elevacao_gt_0,bruta,70,271.79758834173634,352.2988827018139,0.9877011290102119,98.7701129010212,-1.075325245953858
teste_2024,BMW San Luis Potosi,TimesNet,48,diurno_elevacao_gt_0,pos_processada,70,271.22237054519354,351.3719878938002,0.9851024972991835,98.51024972991836,-1.0644192919877336
teste_2024,BYD Camacari,Persistência,48,todas_horas,bruta,144,36.166666666666664,81.74407470881299,0.2943817025476184,29.438170254761843,0.9446186282798693
teste_2024,BYD Camacari,Persistência,48,todas_horas,pos_processada,144,36.47222222222222,81.77310241013103,0.29448623886007275,29.448623886007276,0.9445792889306959
teste_2024,BYD Camacari,Sazonal Ingênuo,48,todas_horas,bruta,144,59.177083333333336,113.66284053922128,0.4093294912631387,40.93294912631387,0.8929249824047703
teste_2024,BYD Camacari,Sazonal Ingênuo,48,todas_horas,pos_processada,144,59.47222222222222,113.68346650043512,0.4094037707213189,40.94037707213189,0.8928861178904625
teste_2024,BYD Camacari,XGBoost,48,todas_horas,bruta,144,92.98463819898785,156.22770925296533,0.562616669144876,56.2616669144876,0.7977133261213705
teste_2024,BYD Camacari,XGBoost,48,todas_horas,pos_processada,144,90.09533009357013,155.3991906743952,0.5596329579631097,55.96329579631097,0.7998532007750315
teste_2024,BYD Camacari,LSTM,48,todas_horas,bruta,144,406.3748486349359,524.1236002905467,1.887505588001769,188.75055880017692,-1.2767669322956716
teste_2024,BYD Camacari,LSTM,48,todas_horas,pos_processada,144,238.93532243953086,388.72668361089535,1.3999060281090614,139.99060281090613,-0.2523907471251663
teste_2024,BYD Camacari,TimesNet,48,todas_horas,bruta,144,264.51049708099004,360.6163416136923,1.298673365487213,129.86733654872128,-0.07780935888962448
teste_2024,BYD Camacari,TimesNet,48,todas_horas,pos_processada,144,207.8186083245091,345.3402885471459,1.243660319881684,124.3660319881684,0.011570635619092995
teste_2024,BYD Camacari,Persistência,48,diurno_elevacao_gt_0,bruta,74,70.31756756756756,114.03041616520923,0.21128640491331413,21.128640491331414,0.8610115478556518
teste_2024,BYD Camacari,Persistência,48,diurno_elevacao_gt_0,pos_processada,74,70.31756756756756,114.03041616520923,0.21128640491331413,21.128640491331414,0.8610115478556518
teste_2024,BYD Camacari,Sazonal Ingênuo,48,diurno_elevacao_gt_0,bruta,74,115.07432432432432,158.55590922873657,0.2937874750028546,29.378747500285463,0.7312786550007617
teste_2024,BYD Camacari,Sazonal Ingênuo,48,diurno_elevacao_gt_0,pos_processada,74,115.07432432432432,158.55590922873657,0.2937874750028546,29.378747500285463,0.7312786550007617
teste_2024,BYD Camacari,XGBoost,48,diurno_elevacao_gt_0,bruta,74,174.66523693883917,216.756030140409,0.40162619669208804,40.1626196692088,0.49779656780745907
teste_2024,BYD Camacari,XGBoost,48,diurno_elevacao_gt_0,pos_processada,74,174.66523693883917,216.756030140409,0.40162619669208804,40.1626196692088,0.49779656780745907
teste_2024,BYD Camacari,LSTM,48,diurno_elevacao_gt_0,bruta,74,590.0131394856081,686.9000627525113,1.272753793895107,127.2753793895107,-4.043411586655993
teste_2024,BYD Camacari,LSTM,48,diurno_elevacao_gt_0,pos_processada,74,464.2998166390871,542.2541393978302,1.004740064236355,100.47400642363552,-2.1429903795418377
teste_2024,BYD Camacari,TimesNet,48,diurno_elevacao_gt_0,bruta,74,404.27440278131417,482.470758654942,0.8939677280867784,89.39677280867784,-1.4881656700182182
teste_2024,BYD Camacari,TimesNet,48,diurno_elevacao_gt_0,pos_processada,74,403.7483729558015,481.73027098427224,0.8925956820741445,89.25956820741445,-1.4805339448468802
teste_2024,BMW San Luis Potosi,Persistência,72,todas_horas,bruta,216,54.4837962962963,131.77005873729294,0.6694656635835653,66.94656635835653,0.7649465512254211
teste_2024,BMW San Luis Potosi,Persistência,72,todas_horas,pos_processada,216,54.870370370370374,131.80868747010794,0.6696619191707237,66.96619191707236,0.7648087179749413
teste_2024,BMW San Luis Potosi,Sazonal Ingênuo,72,todas_horas,bruta,216,55.04398148148148,121.4169574083303,0.6168661131412289,61.686611314122885,0.8004315703632078
teste_2024,BMW San Luis Potosi,Sazonal Ingênuo,72,todas_horas,pos_processada,216,55.52546296296296,121.4601129086326,0.6170853672413181,61.70853672413181,0.8002896790461287
teste_2024,BMW San Luis Potosi,XGBoost,72,todas_horas,bruta,216,73.2179331971196,129.9691760179089,0.6603161712305851,66.03161712305851,0.7713275315825499
teste_2024,BMW San Luis Potosi,XGBoost,72,todas_horas,pos_processada,216,71.31772421627453,129.61111459633761,0.6584970187653517,65.84970187653518,0.7725857684159487
teste_2024,BMW San Luis Potosi,LSTM,72,todas_horas,bruta,216,366.2892670790941,456.64080684355037,2.319990927395199,231.9990927395199,-1.8228161027807461
teste_2024,BMW San Luis Potosi,LSTM,72,todas_horas,pos_processada,216,182.30811467351978,307.9433157091886,1.5645244312168585,156.45244312168586,-0.2837330190136249
teste_2024,BMW San Luis Potosi,TimesNet,72,todas_horas,bruta,216,190.9789250469594,275.9282915609931,1.4018701864559453,140.18701864559452,-0.030684185841838962
teste_2024,BMW San Luis Potosi,TimesNet,72,todas_horas,pos_processada,216,146.32559807433023,263.5999975650713,1.3392355515478163,133.92355515478164,0.05935889627209934
teste_2024,BMW San Luis Potosi,Persistência,72,diurno_elevacao_gt_0,bruta,105,111.56666666666666,188.97939545030275,0.4682399037763386,46.82399037763386,0.4804734974965492
teste_2024,BMW San Luis Potosi,Persistência,72,diurno_elevacao_gt_0,pos_processada,105,111.56666666666666,188.97939545030275,0.4682399037763386,46.82399037763386,0.4804734974965492
teste_2024,BMW San Luis Potosi,Sazonal Ingênuo,72,diurno_elevacao_gt_0,bruta,105,112.91428571428571,174.13069804029385,0.4314488418200898,43.14488418200898,0.5589076981463561
teste_2024,BMW San Luis Potosi,Sazonal Ingênuo,72,diurno_elevacao_gt_0,pos_processada,105,112.91428571428571,174.13069804029385,0.4314488418200898,43.14488418200898,0.5589076981463561
teste_2024,BMW San Luis Potosi,XGBoost,72,diurno_elevacao_gt_0,bruta,105,145.40122314966948,185.82627862273924,0.4604273318479764,46.04273318479764,0.4976654425943664
teste_2024,BMW San Luis Potosi,XGBoost,72,diurno_elevacao_gt_0,pos_processada,105,145.40122314966948,185.82627862273924,0.4604273318479764,46.04273318479764,0.4976654425943664
teste_2024,BMW San Luis Potosi,LSTM,72,diurno_elevacao_gt_0,bruta,105,491.1597869645538,567.4143590987169,1.4058995387968916,140.58995387968915,-3.683596149052537
teste_2024,BMW San Luis Potosi,LSTM,72,diurno_elevacao_gt_0,pos_processada,105,373.7243120902883,441.6450552739566,1.0942771707572518,109.42771707572518,-1.8374325147913595
teste_2024,BMW San Luis Potosi,TimesNet,72,diurno_elevacao_gt_0,bruta,105,300.0866136172698,378.61416286840966,0.9381036422909095,93.81036422909095,-1.0853190355492188
teste_2024,BMW San Luis Potosi,TimesNet,72,diurno_elevacao_gt_0,pos_processada,105,299.7031350862412,378.03950200150115,0.9366797878628429,93.6679787862843,-1.0789936418742525
teste_2024,BYD Camacari,Persistência,72,todas_horas,bruta,216,30.560185185185187,72.08126201262942,0.25690635262900063,25.690635262900063,0.9573773934294103
teste_2024,BYD Camacari,Persistência,72,todas_horas,pos_processada,216,30.83101851851852,72.10926797421936,0.25700616926987296,25.700616926987298,0.9573442664018678
teste_2024,BYD Camacari,Sazonal Ingênuo,72,todas_horas,bruta,216,68.55092592592592,140.90717985018838,0.502210264135052,50.2210264135052,0.8371223526420755
teste_2024,BYD Camacari,Sazonal Ingênuo,72,todas_horas,pos_processada,216,68.81481481481481,140.921438581402,0.502261083980972,50.2261083980972,0.8370893870245266
teste_2024,BYD Camacari,XGBoost,72,todas_horas,bruta,216,95.22452567920548,160.10443659476826,0.570631613498613,57.0631613498613,0.7897180599520014
teste_2024,BYD Camacari,XGBoost,72,todas_horas,pos_processada,216,92.74998611972357,159.40674601597928,0.5681449597295809,56.81449597295809,0.7915467671025667
teste_2024,BYD Camacari,LSTM,72,todas_horas,bruta,216,405.969772308306,521.3381727015887,1.8581124233308555,185.81124233308554,-1.229637666890925
teste_2024,BYD Camacari,LSTM,72,todas_horas,pos_processada,216,231.31640524387842,379.1274379768966,1.351256131658136,135.1256131658136,-0.1791408192189603
teste_2024,BYD Camacari,TimesNet,72,todas_horas,bruta,216,266.5323977790842,361.7756901004381,1.2894123995395457,128.94123995395458,-0.07367787318602748
teste_2024,BYD Camacari,TimesNet,72,todas_horas,pos_processada,216,211.69287598790186,347.422104310179,1.238254480413812,123.82544804138121,0.00982915481320179
teste_2024,BYD Camacari,Persistência,72,diurno_elevacao_gt_0,bruta,111,59.37837837837838,100.54999652810437,0.1843719737116169,18.43719737116169,0.8912506113583303
teste_2024,BYD Camacari,Persistência,72,diurno_elevacao_gt_0,pos_processada,111,59.37837837837838,100.54999652810437,0.1843719737116169,18.43719737116169,0.8912506113583303
teste_2024,BYD Camacari,Sazonal Ingênuo,72,diurno_elevacao_gt_0,bruta,111,133.2927927927928,196.5607498418196,0.3604206330573295,36.04206330573295,0.5844184058006145
teste_2024,BYD Camacari,Sazonal Ingênuo,72,diurno_elevacao_gt_0,pos_processada,111,133.2927927927928,196.5607498418196,0.3604206330573295,36.04206330573295,0.5844184058006145
teste_2024,BYD Camacari,XGBoost,72,diurno_elevacao_gt_0,bruta,111,179.86934235910172,222.349626398028,0.4077080148042241,40.770801480422406,0.4682156987679651
teste_2024,BYD Camacari,XGBoost,72,diurno_elevacao_gt_0,pos_processada,111,179.86934235910172,222.349626398028,0.4077080148042241,40.770801480422406,0.4682156987679651
teste_2024,BYD Camacari,LSTM,72,diurno_elevacao_gt_0,bruta,111,584.2810402053434,682.061747997942,1.250652163239282,125.0652163239282,-4.0039169341094
teste_2024,BYD Camacari,LSTM,72,diurno_elevacao_gt_0,pos_processada,111,449.51210389799763,528.8643529402925,0.9697440869633929,96.97440869633928,-2.008508859609078
teste_2024,BYD Camacari,TimesNet,72,diurno_elevacao_gt_0,bruta,111,412.2695322620372,485.60809801533395,0.8904279122118768,89.04279122118768,-1.536498122256126
teste_2024,BYD Camacari,TimesNet,72,diurno_elevacao_gt_0,pos_processada,111,411.3257766971784,484.6356099292455,0.8886447242055694,88.86447242055694,-1.5263490153125834
