Localidade,Modelo,seed,N_teste,MAE_wm2,MSE_wm4,RMSE_wm2,R2,nRMSE_percentual
BMW San Luis Potosi,Persistencia,-1,12,33.43112305854242,1469.5373576200418,38.334545225162664,0.27272943634543845,15.468769947967395
BYD Camacari,Persistencia,-1,12,24.456448008074812,1009.7719915753001,31.776909723497347,0.27941124453535604,13.452144928909918
Ford Rouge Electric Vehicle Center,Persistencia,-1,12,36.09837216248506,1988.8681728154543,44.59672827479,0.6686870659430317,27.795566183677767
GM Factory Zero,Persistencia,-1,12,35.87547043010752,1976.7444953312897,44.460594860295,0.6676990905502025,27.739392976672704
Hyundai Metaplant Georgia,Persistencia,-1,12,30.52066905615291,1430.681427092839,37.824349658557765,0.5241694452550187,19.06989688996337
Lucid AMP 1 Casa Grande,Persistencia,-1,12,35.2067652329749,1821.7153687919845,42.68155771281063,0.6716785844378292,17.309664447262332
Rivian Normal,Persistencia,-1,12,37.03744772998805,2155.7896543071333,46.430481952130684,0.6345942579577875,25.809083341380802
Tesla Fremont Factory,Persistencia,-1,12,43.50248655913978,2437.0540723159506,49.366527853556306,0.7269763399445568,22.37473906955302
Tesla Gigafactory Nevada,Persistencia,-1,12,43.07326015531661,2450.606620171127,49.50360209288943,0.7216257938480715,22.28336423886247
Tesla Gigafactory Texas,Persistencia,-1,12,31.674671445639166,1346.6461374819992,36.69667747197284,0.5951438215677138,17.567712449773147
BMW San Luis Potosi,Sazonal ingenuo,-1,12,32.55069323976965,1352.3817952475872,36.77474398615968,0.33070944715637307,14.839358371829691
BYD Camacari,Sazonal ingenuo,-1,12,21.12043150531748,634.6506913849794,25.192274438505535,0.54710354844916,10.664665940912997
Ford Rouge Electric Vehicle Center,Sazonal ingenuo,-1,12,12.583989761551637,297.80712271555683,17.257089056835653,0.9503902003367671,10.755734323408848
GM Factory Zero,Sazonal ingenuo,-1,12,14.123742908051865,326.3084424681138,18.064009590013892,0.9451458737083123,11.270309412779977
Hyundai Metaplant Georgia,Sazonal ingenuo,-1,12,17.137281356121736,412.46803386011203,20.30930904437943,0.8628171935068443,10.239341399888161
Lucid AMP 1 Casa Grande,Sazonal ingenuo,-1,12,7.817216283451335,124.95773661883669,11.178449651845138,0.9774793023789733,4.533461824800721
Rivian Normal,Sazonal ingenuo,-1,12,20.779582187512876,583.7289852430491,24.160483961275467,0.9010581006462629,13.429969233736063
Tesla Fremont Factory,Sazonal ingenuo,-1,12,13.689407202520727,344.36784151659936,18.557150684213333,0.9614204011456724,8.410788088345154
Tesla Gigafactory Nevada,Sazonal ingenuo,-1,12,13.514209084094029,445.6858943708976,21.111274105816012,0.9493727569258149,9.502949089717557
Tesla Gigafactory Texas,Sazonal ingenuo,-1,12,16.111833327447894,446.235759116456,21.124293103355104,0.8658435211097664,10.112782205634312
BMW San Luis Potosi,Climatologia,-1,12,13.229691031260478,263.86709076919055,16.243986295524586,0.869412800675996,6.554779391995219
BYD Camacari,Climatologia,-1,12,13.137358846138566,288.1127254373004,16.973883628601335,0.7943983473610645,7.185567903399831
Ford Rouge Electric Vehicle Center,Climatologia,-1,12,13.279167020712308,273.5933641629127,16.540657912033385,0.9544238167927372,10.309208085459318
GM Factory Zero,Climatologia,-1,12,13.589109516802184,294.2554788083215,17.15387649507602,0.9505341416406963,10.702468616657317
Hyundai Metaplant Georgia,Climatologia,-1,12,11.096989496982978,164.05475239992938,12.808386018539938,0.9454370047973347,6.4576021241687735
Lucid AMP 1 Casa Grande,Climatologia,-1,12,9.721163382042668,143.50331978541683,11.979287115075623,0.9741368965223903,4.8582444360303905
Rivian Normal,Climatologia,-1,12,15.870764066831319,427.9031465446521,20.68581993890143,0.9274705366207913,11.498524855682744
Tesla Fremont Factory,Climatologia,-1,12,9.785685803431653,182.62834670912835,13.514005576035862,0.979540109423581,6.125047915973787
Tesla Gigafactory Nevada,Climatologia,-1,12,10.964862187961645,162.34715538625753,12.741552314622325,0.9815583373807595,5.735434174315017
Tesla Gigafactory Texas,Climatologia,-1,12,10.038301037473296,211.98862148163423,14.559829033393017,0.9362676647002004,6.9701920554486625
BMW San Luis Potosi,XGBoost,11,12,21.685206037176126,682.850957334037,26.1314170556064,0.6620586757748926,10.54455912997861
BYD Camacari,XGBoost,11,12,16.450651030610373,423.4410603787794,20.57768355230441,0.6978259753125465,8.711167443766739
Ford Rouge Electric Vehicle Center,XGBoost,11,12,14.44522712594742,292.50010441361627,17.10263442904678,0.9512742628547072,10.659468207145164
GM Factory Zero,XGBoost,11,12,15.890988550689755,317.6243801152029,17.822019529649353,0.9466057092229205,11.119329485453468
Hyundai Metaplant Georgia,XGBoost,11,12,13.096303762001362,287.89789217526555,16.9675541011445,0.9042479959902506,8.55452929408115
Lucid AMP 1 Casa Grande,XGBoost,11,12,10.558881364955129,166.05498098815576,12.886232226223294,0.9700724891752253,5.226059398447737
Rivian Normal,XGBoost,11,12,16.154675726274036,394.3646994621101,19.858617763130194,0.9331552939989773,11.038712056051194
Tesla Fremont Factory,XGBoost,11,12,13.674108773565564,277.5699867947672,16.660431770958613,0.968903778304668,7.55112481815826
Tesla Gigafactory Nevada,XGBoost,11,12,11.884020785688442,267.95233271816124,16.36924960766868,0.9695622229643015,7.368392114983716
Tesla Gigafactory Texas,XGBoost,11,12,12.200045867861876,264.5383473347352,16.264634866320705,0.920469096246032,7.786329665684458
BMW San Luis Potosi,XGBoost,23,12,23.193171996866464,726.5817594899809,26.955180568676976,0.6404164051867348,10.876964489175462
BYD Camacari,XGBoost,23,12,16.488057460814158,420.489733237202,20.505846318482007,0.6999320875533906,8.68075652939276
Ford Rouge Electric Vehicle Center,XGBoost,23,12,14.117186954387725,275.70212760685826,16.60428040015159,0.954072531265926,10.348861736022279
GM Factory Zero,XGBoost,23,12,15.323024368824619,305.6164897864281,17.48189033790191,0.9486242973036004,10.907119609666443
Hyundai Metaplant Georgia,XGBoost,23,12,12.88358917187057,294.5067491206279,17.161198941817204,0.9020499552475733,8.652159185361153
Lucid AMP 1 Casa Grande,XGBoost,23,12,10.267684806323189,157.64756802439547,12.555778272349169,0.9715877279291849,5.092042568618788
Rivian Normal,XGBoost,23,12,15.756413841175814,371.0534733209911,19.262748332493757,0.9371065402947331,10.707489050187666
Tesla Fremont Factory,XGBoost,23,12,13.343936170473844,265.2183326112749,16.285525248246522,0.970287536618127,7.381203294691177
Tesla Gigafactory Nevada,XGBoost,23,12,12.435158552954258,259.5072934993699,16.10923007158846,0.9705215287415334,7.251347904325602
Tesla Gigafactory Texas,XGBoost,23,12,11.095817926368602,244.41982431256838,15.633931825122188,0.9265175362331591,7.484394710471268
BMW San Luis Potosi,XGBoost,42,12,23.511794614988986,736.2318296688519,27.133592273579477,0.6356406082722148,10.948957246698772
BYD Camacari,XGBoost,42,12,17.224697538061196,422.79723212689197,20.562033754638474,0.6982854210118046,8.704542402246272
Ford Rouge Electric Vehicle Center,XGBoost,42,12,14.151215202043772,268.76993032428976,16.394204168677714,0.9552273220421784,10.217928637980407
GM Factory Zero,XGBoost,42,12,15.31846825799199,301.9544601754142,17.376836886367272,0.9492399033027804,10.84157575032691
Hyundai Metaplant Georgia,XGBoost,42,12,12.379672684193784,264.37906397534243,16.25973751249824,0.9120701266598725,8.197669507083177
Lucid AMP 1 Casa Grande,XGBoost,42,12,10.922323935104409,165.9525037488248,12.88225538284445,0.9700909582911236,5.224446574827046
Rivian Normal,XGBoost,42,12,16.285555874610566,386.98055370218975,19.671821311261187,0.9344069046351824,10.934878432287997
Tesla Fremont Factory,XGBoost,42,12,13.088101803235896,228.75255291146107,15.124567858668263,0.9743728052847173,6.855014401282671
Tesla Gigafactory Nevada,XGBoost,42,12,11.768204701125848,226.9400149241486,15.064528367132793,0.9742209761539756,6.781089829818941
Tesla Gigafactory Texas,XGBoost,42,12,11.473888182827883,270.9119396987279,16.45940277466737,0.91855293714859,7.879570439618044
BMW San Luis Potosi,XGBoost,67,12,22.175416345468914,707.9063233764165,26.606509041518702,0.6496588343624063,10.736268424846585
BYD Camacari,XGBoost,67,12,16.934355348442168,421.2489108643047,20.524349219020433,0.6993903267736753,8.688589377262923
Ford Rouge Electric Vehicle Center,XGBoost,67,12,14.86355589119973,301.7412054407255,17.370699624388347,0.9497348464484029,10.826543778984119
GM Factory Zero,XGBoost,67,12,14.866034519379362,309.0101792300823,17.578685366946026,0.9480538006657294,10.967510959743523
Hyundai Metaplant Georgia,XGBoost,67,12,13.345862586105854,292.8437799394905,17.112678923520143,0.9026030424219782,8.627696854762569
Lucid AMP 1 Casa Grande,XGBoost,67,12,10.671821956347086,167.30375038640616,12.934595099438024,0.9698474278162621,5.2456731415235005
Rivian Normal,XGBoost,67,12,15.261578742235821,345.78284860694043,18.59523725600027,0.9413899040992948,10.336442955463152
Tesla Fremont Factory,XGBoost,67,12,14.710909518114681,317.8819135184882,17.829243212163778,0.9643876250099904,8.080873458695672
Tesla Gigafactory Nevada,XGBoost,67,12,13.238629532062342,297.00144923182285,17.23372998604257,0.9662624176498358,7.757526043308942
Tesla Gigafactory Texas,XGBoost,67,12,12.240577349222727,281.3846007818244,16.774522371198067,0.9154044325592203,8.030426888771183
BMW San Luis Potosi,XGBoost,89,12,22.650339731882678,709.1542820286667,26.62995084540463,0.64904122257613,10.74572767026992
BYD Camacari,XGBoost,89,12,17.451827694174636,452.4468859404165,21.270798902260736,0.6771269740359538,9.004584526207896
Ford Rouge Electric Vehicle Center,XGBoost,89,12,15.026738207793807,304.0570740658528,17.437232408437207,0.9493490605830707,10.86801131424858
GM Factory Zero,XGBoost,89,12,15.802732609387618,322.22555889784456,17.95064229764062,0.9458322274210872,11.199578468137311
Hyundai Metaplant Georgia,XGBoost,89,12,12.862015100400725,295.08461687511414,17.17802715317199,0.9018577621226892,8.660643462242982
Lucid AMP 1 Casa Grande,XGBoost,89,12,10.420433388927504,164.7162918714615,12.83418450356163,0.9703137564518373,5.204951250976184
Rivian Normal,XGBoost,89,12,15.701442388069632,375.1135158711591,19.367847476453317,0.9364183642206885,10.765909993747043
Tesla Fremont Factory,XGBoost,89,12,13.746781569972592,276.2396904286404,16.620459994495953,0.9690528116753119,7.533008128421612
Tesla Gigafactory Nevada,XGBoost,89,12,12.609408219653057,273.4785157319214,16.53718584680965,0.9689344817361323,7.443986298587991
Tesla Gigafactory Texas,XGBoost,89,12,11.338896572772457,241.4489427551579,15.538627441159592,0.927410703131597,7.438769871167045
BMW San Luis Potosi,MLP,11,12,25.964753822844315,1143.197500410973,33.811203770510346,0.4342342600674862,13.643509521708511
BYD Camacari,MLP,11,12,16.634495783974906,392.4718465332899,19.810902214015645,0.7199260805331571,8.386565278823786
Ford Rouge Electric Vehicle Center,MLP,11,12,16.48789758952041,402.4298012205847,20.0606530606704,0.9329617719179389,12.503096783242395
GM Factory Zero,MLP,11,12,16.203324468830775,386.5807371794319,19.661656521754008,0.9350137911885426,12.267096707614215
Hyundai Metaplant Georgia,MLP,11,12,10.841655402436023,223.6696046288105,14.955587739330424,0.9256096919728789,7.540156504800728
Lucid AMP 1 Casa Grande,MLP,11,12,10.10350179316414,169.45891281834741,13.017638526950554,0.9694590103979633,5.279351712358816
Rivian Normal,MLP,11,12,19.296074314264075,614.0368521083421,24.77976699059824,0.8959209257092264,13.774207041393815
Tesla Fremont Factory,MLP,11,12,16.428424169321733,398.2164834165553,19.955362272245406,0.9553877269151128,9.044509372917716
Tesla Gigafactory Nevada,MLP,11,12,14.834935154403254,386.1172956650355,19.649867573727704,0.9561393922722783,8.84511707994843
Tesla Gigafactory Texas,MLP,11,12,16.128761546941323,393.4412239708758,19.835352882438865,0.881715689117551,9.4957309430698
BMW San Luis Potosi,MLP,23,12,27.88783447231906,1305.2857836311703,36.128739026309376,0.3540171519496861,14.578682210146393
BYD Camacari,MLP,23,12,17.222633815104157,407.7071762205631,20.191760107047703,0.7090539159751772,8.547794159132373
Ford Rouge Electric Vehicle Center,MLP,23,12,15.616337806911273,325.4197317715088,18.039393885923907,0.9457903909334395,11.243317303011082
GM Factory Zero,MLP,23,12,15.211102770198314,354.21130436922,18.820502234776306,0.9404552592116543,11.74229245355947
Hyundai Metaplant Georgia,MLP,23,12,13.32014177958431,286.324090354779,16.921113744513953,0.9047714269785333,8.531115466203813
Lucid AMP 1 Casa Grande,MLP,23,12,11.270863513702421,212.23053052280184,14.568134078282018,0.9617504307201609,5.90816094891733
Rivian Normal,MLP,23,12,20.476362120333835,633.9485328736486,25.178334592932245,0.8925459014016287,13.99575685163309
Tesla Fremont Factory,MLP,23,12,19.89560830456595,549.949809458051,23.451008708753896,0.9383890117455036,10.628865824485656
Tesla Gigafactory Nevada,MLP,23,12,15.181410125371931,408.2008504246897,20.203981053858907,0.9536308329732741,9.094543626409802
Tesla Gigafactory Texas,MLP,23,12,14.784403136242274,331.2984720440564,18.20160630395176,0.900398308375941,8.713611359394061
BMW San Luis Potosi,MLP,42,12,30.22664123810809,1238.8092282132668,35.196721839018856,0.3869162420462392,14.202594288062858
BYD Camacari,MLP,42,12,13.929707068694627,289.59751899514276,17.01756501368932,0.7933387759420767,7.204059579526052
Ford Rouge Electric Vehicle Center,MLP,42,12,18.729328399072852,436.7711347301603,20.899070188172495,0.9272410669863598,13.025652577322633
GM Factory Zero,MLP,42,12,18.320726266127423,474.4037740832391,21.780812062070577,0.9202502873049072,13.589258241805268
Hyundai Metaplant Georgia,MLP,42,12,13.243019294475763,250.8124278713722,15.837058687501672,0.9165822562375193,7.984567585093309
Lucid AMP 1 Casa Grande,MLP,42,12,12.673454130976344,213.36007432454963,14.60685025337597,0.9615468569751716,5.923862437697732
Rivian Normal,MLP,42,12,20.49419719032165,605.5777725605461,24.60848984721627,0.8973547373211251,13.679000059209645
Tesla Fremont Factory,MLP,42,12,16.52501607882921,486.39441226829973,22.054351322773012,0.9455091357321386,9.9958489618538
Tesla Gigafactory Nevada,MLP,42,12,14.255502926061341,292.57524081522524,17.10483092039279,0.9667652083646292,7.699503905353539
Tesla Gigafactory Texas,MLP,42,12,15.092825615868582,396.43815970522724,19.91075487532372,0.880814689282,9.531827958396395
BMW San Luis Potosi,MLP,67,12,23.17912312911056,855.9837560908026,29.25720007264541,0.5763756630321295,11.80587625566351
BYD Camacari,MLP,67,12,14.537946643462861,284.1133134584265,16.855661169423954,0.7972523889907508,7.135520694009602
Ford Rouge Electric Vehicle Center,MLP,67,12,18.265601542108495,399.10489777181084,19.977609911393575,0.9335156464945078,12.45133892025293
GM Factory Zero,MLP,67,12,16.586483072918153,355.7444244520139,18.861188309648306,0.9401975338460284,11.767676887193321
Hyundai Metaplant Georgia,MLP,67,12,14.004803431369915,317.3341562164041,17.813875384553583,0.8944577844287737,8.981218972980656
Lucid AMP 1 Casa Grande,MLP,67,12,10.636690937359026,178.39231555142888,13.356358618704009,0.9678489743399938,5.416720905143418
Rivian Normal,MLP,67,12,26.29024348878835,999.4124853521897,31.613485814635972,0.8305998639121679,17.572832669337764
Tesla Fremont Factory,MLP,67,12,14.704222738974172,420.06200184462324,20.495414166213457,0.9529403690723828,9.289280895990968
Tesla Gigafactory Nevada,MLP,67,12,14.526566085391446,337.4474704918046,18.369743343111917,0.9616679923481262,8.268886799810847
Tesla Gigafactory Texas,MLP,67,12,12.389109677702587,313.04783510433396,17.69315786128451,0.9058851864203745,8.47020305510997
BMW San Luis Potosi,MLP,89,12,29.872327146160373,1247.8016478037223,35.32423598329796,0.38246591485295134,14.254048842991834
BYD Camacari,MLP,89,12,16.469510931480155,384.8398577074586,19.617335642422457,0.7253723846251793,8.304622585304463
Ford Rouge Electric Vehicle Center,MLP,89,12,14.397734638113775,339.98017074553536,18.438551210589605,0.9433648597576788,11.492097970666402
GM Factory Zero,MLP,89,12,17.414623801000054,391.0502066713539,19.77498942278741,0.9342624503954194,12.33780619516899
Hyundai Metaplant Georgia,MLP,89,12,13.116275750467487,291.97595715308563,17.08730397555699,0.9028916717352939,8.614903570922564
Lucid AMP 1 Casa Grande,MLP,89,12,15.304044442526688,284.2325558439133,16.85919795968697,0.9487737564922618,6.837310425635214
Rivian Normal,MLP,89,12,23.19959242515092,790.2713221493638,28.111764835196023,0.866049232443562,15.626348273810617
Tesla Fremont Factory,MLP,89,12,13.911986657352083,356.0507169035529,18.86930621150531,0.9601115662558966,8.552268536250981
Tesla Gigafactory Nevada,MLP,89,12,14.769761533492575,371.4152626180275,19.272136949960363,0.9578094550006628,8.67508684542557
Tesla Gigafactory Texas,MLP,89,12,13.302057137141396,276.4220834591219,16.625946092151324,0.916896365549449,7.9592993228180005
BMW San Luis Potosi,RNN,11,12,16.898624179267625,398.3612490261028,19.958989178465497,0.8028519597578975,8.05385873713188
BYD Camacari,RNN,11,12,18.00813978450719,573.7333455369185,23.95273148383955,0.5905750992518147,10.139929218026248
Ford Rouge Electric Vehicle Center,RNN,11,12,13.906719602221761,301.55434036077247,17.365320047749552,0.9497659751168377,10.823190878798652
GM Factory Zero,RNN,11,12,14.009086535118039,274.13150093560705,16.55691701179924,0.9539170857514019,10.330019850512844
Hyundai Metaplant Georgia,RNN,11,12,13.427925149071967,363.14886550197815,19.056465189063214,0.8792202632573884,9.607695294779282
Lucid AMP 1 Casa Grande,RNN,11,12,8.774025020054504,130.17675441662627,11.409502811982048,0.9765386969800351,4.627166293094976
Rivian Normal,RNN,11,12,18.447575507900535,537.2179581096129,23.177962768751115,0.9089417067062897,12.883820017178769
Tesla Fremont Factory,RNN,11,12,8.428352029355366,106.35643657317725,10.31292570385229,0.9880848669245699,4.674199942760579
Tesla Gigafactory Nevada,RNN,11,12,10.473829051750549,155.85631354116154,12.484242609832666,0.9822956580633259,5.619609756866298
Tesla Gigafactory Texas,RNN,11,12,13.146185678646082,285.43153623975417,16.89471918203301,0.9141877604296562,8.087968419928625
BMW San Luis Potosi,RNN,23,12,16.067281904150057,449.41644862688366,21.19944453580998,0.7775848621923817,8.554407744320581
BYD Camacari,RNN,23,12,16.030384478134717,445.1499459332353,21.098576869856302,0.6823341821605048,8.931677633749981
Ford Rouge Electric Vehicle Center,RNN,23,12,15.216248959528508,357.30545464881646,18.9025250865808,0.9404787506018164,11.781276506323712
GM Factory Zero,RNN,23,12,15.151551271177313,341.2599798266313,18.473223319892803,0.9426324434326027,11.525621796706227
Hyundai Metaplant Georgia,RNN,23,12,12.464728094762007,235.0346939275207,15.330841266138028,0.9218297751840516,7.729348021070383
Lucid AMP 1 Casa Grande,RNN,23,12,10.29789464849523,179.84085262657152,13.410475481002585,0.9675879095484505,5.43866819988908
Rivian Normal,RNN,23,12,16.25218282982727,461.43757918042644,21.48109818376208,0.9217864596902069,11.940592257058352
Tesla Fremont Factory,RNN,23,12,5.996757176824981,61.16392221879273,7.820736680057239,0.9931477934374875,3.544647560935506
Tesla Gigafactory Nevada,RNN,23,12,9.617904129166993,114.87831885230997,10.718130380449287,0.986950512354224,4.824618676818971
Tesla Gigafactory Texas,RNN,23,12,12.87402423744656,258.2504019340344,16.07017118558587,0.9223595064096691,7.693234533906295
BMW San Luis Potosi,RNN,42,12,18.750236469010886,447.8958305781211,21.163549574164563,0.7783374124693054,8.539923396046127
BYD Camacari,RNN,42,12,16.02239071179102,467.14467588058795,21.613529926427752,0.6666384060726592,9.14967312824144
Ford Rouge Electric Vehicle Center,RNN,42,12,12.479659771837353,230.27550244440724,15.17483121634001,0.9616398646229539,9.45793652845948
GM Factory Zero,RNN,42,12,13.20008446962378,211.16087367464056,14.531375491488772,0.9645027718412658,9.06626500424927
Hyundai Metaplant Georgia,RNN,42,12,15.660300486942516,390.3694095331735,19.757768333826913,0.8701669783530452,9.961271199718205
Lucid AMP 1 Casa Grande,RNN,42,12,7.906892628491211,89.09442209709499,9.43898416658779,0.9839428226369913,3.8280151288296924
Rivian Normal,RNN,42,12,14.670502867276461,317.26057942385125,17.811810110818364,0.9462244207297794,9.900963166501537
Tesla Fremont Factory,RNN,42,12,8.20549009632542,116.04562775550873,10.772447621386178,0.986999384879002,4.882472297503889
Tesla Gigafactory Nevada,RNN,42,12,7.983602668449425,92.23581145548481,9.603947701621705,0.9895225653185795,4.323084699263978
Tesla Gigafactory Texas,RNN,42,12,14.353974696474632,337.91686498790125,18.38251519754305,0.89840855234425,8.80021744041177
BMW San Luis Potosi,RNN,67,12,16.822404412020656,503.7890300599701,22.445245154819986,0.750676000201805,9.057113673484746
BYD Camacari,RNN,67,12,16.90202194381565,479.31895310136224,21.8933540852324,0.657950655427572,9.26813131601377
Ford Rouge Electric Vehicle Center,RNN,67,12,11.326821130266374,174.16640048532471,13.197211845133225,0.9709867240334746,8.225356197010038
GM Factory Zero,RNN,67,12,12.87312188057711,302.43926292020905,17.390780974993877,0.9491584054696616,10.85027560140471
Hyundai Metaplant Georgia,RNN,67,12,14.224780395505457,290.42749447181194,17.04193341354824,0.9034066751753885,8.59202910124478
Lucid AMP 1 Casa Grande,RNN,67,12,11.842510604550377,216.99766001977616,14.73084043833807,0.9608912675756721,5.974147118282475
Rivian Normal,RNN,67,12,19.299859166372,522.9855436996376,22.868877184934934,0.9113540969588075,12.712010135890964
Tesla Fremont Factory,RNN,67,12,7.876374701883363,94.97687081897965,9.74560777063081,0.9893597219749135,4.417070440702753
Tesla Gigafactory Nevada,RNN,67,12,12.325405733490781,193.01214244442443,13.892880998713853,0.9780749788691513,6.253688914204882
Tesla Gigafactory Texas,RNN,67,12,14.158219425110161,306.8080081405897,17.515935833993847,0.9077611302398427,8.385361978759498
BMW San Luis Potosi,RNN,89,12,23.933704708462027,748.1104330334041,27.35160750364417,0.6297619155533323,11.036930833426242
BYD Camacari,RNN,89,12,14.424546712379481,364.25998449737364,19.085596257318596,0.7400584972801165,8.07952092076037
Ford Rouge Electric Vehicle Center,RNN,89,12,12.551206804267771,215.65976575456807,14.685358890901103,0.9640746074944534,9.152865709519908
GM Factory Zero,RNN,89,12,13.681999269864614,286.4191734925808,16.92392311175458,0.9518514648401777,10.558998487966678
Hyundai Metaplant Georgia,RNN,89,12,13.044053712086102,284.86503098241127,16.877945105444894,0.9052566957584394,8.50935113969567
Lucid AMP 1 Casa Grande,RNN,89,12,11.475595546344955,166.9241229942696,12.919911880282683,0.9699158467388379,5.239718307393624
Rivian Normal,RNN,89,12,18.466840305931118,457.5855839238577,21.39125017206469,0.9224393718063113,11.890648885280605
Tesla Fremont Factory,RNN,89,12,8.566770886360365,112.4191556808688,10.602789995131886,0.9874056592781442,4.805577176788486
Tesla Gigafactory Nevada,RNN,89,12,9.77747601029598,120.09905550394326,10.958971461954961,0.9863574679998326,4.933029970461851
Tesla Gigafactory Texas,RNN,89,12,14.749372674012605,283.3205688519319,16.832129064736044,0.9148224024233034,8.058004803094091
BMW San Luis Potosi,LSTM,11,12,17.772357893704964,528.4002861424851,22.986959045130025,0.7384959477583847,9.275706263995618
BYD Camacari,LSTM,11,12,15.504579664014457,461.8529609955188,21.490764551209406,0.6704146548447776,9.097702762524348
Ford Rouge Electric Vehicle Center,LSTM,11,12,12.176894502580504,204.00408221482868,14.282999762473873,0.9660162538864936,8.902089470624194
GM Factory Zero,LSTM,11,12,13.398874774652837,241.3506168578199,15.535463200620054,0.9594277208473106,9.692724988290404
Hyundai Metaplant Georgia,LSTM,11,12,13.114081949549382,226.7659864898425,15.058751159702537,0.9245798658559417,7.592168391510512
Lucid AMP 1 Casa Grande,LSTM,11,12,9.6311370633902,136.04553552924332,11.663855946008734,0.9754809870021055,4.730320152444163
Rivian Normal,LSTM,11,12,15.684932037444318,349.90843649593626,18.70583963621885,0.9406906181086941,10.39792295585943
Tesla Fremont Factory,LSTM,11,12,10.47389067374364,183.486711324471,13.545726681299568,0.9794439466623173,6.139425095899802
Tesla Gigafactory Nevada,LSTM,11,12,9.715333145944406,149.26810086670437,12.217532519568113,0.983044039487793,5.499553885449244
Tesla Gigafactory Texas,LSTM,11,12,12.066990548798527,242.55440630481783,15.574158285596619,0.9270783561729904,7.455779467162324
BMW San Luis Potosi,LSTM,23,12,17.67438727223075,450.75858291846106,21.231075877554133,0.7769206431048747,8.567171635106604
BYD Camacari,LSTM,23,12,14.459936705806888,378.5059021031527,19.45522814317922,0.7298923923340034,8.235997486361292
Ford Rouge Electric Vehicle Center,LSTM,23,12,14.445059459735267,275.6840306473167,16.603735442583897,0.9540755459236319,10.348522083210826
GM Factory Zero,LSTM,23,12,12.050333412882807,185.1680431050338,13.607646493976606,0.9688723002541966,8.489941593677434
Hyundai Metaplant Georgia,LSTM,23,12,12.095247035648839,205.43200470013633,14.332899382195366,0.9316753381236867,7.226215805956232
Lucid AMP 1 Casa Grande,LSTM,23,12,12.745604861085845,212.61924072643907,14.58146908670176,0.9616803748341053,5.9135690111698915
Rivian Normal,LSTM,23,12,14.830756187646445,302.8300821207045,17.402013737516256,0.9486703859771585,9.673171674643799
Tesla Fremont Factory,LSTM,23,12,9.416333201571836,117.75075351089451,10.851301926999106,0.9868083592961565,4.918211989747061
Tesla Gigafactory Nevada,LSTM,23,12,8.868301071874699,118.63973416514882,10.89218684035253,0.986523238146646,4.902967793452405
Tesla Gigafactory Texas,LSTM,23,12,12.188012934859778,274.3953369294655,16.56488264158444,0.9175056873540486,7.930066563487969
BMW San Luis Potosi,LSTM,42,12,15.368318879600055,387.12792572644065,19.67556671932071,0.8084113048983914,7.939492000997493
BYD Camacari,LSTM,42,12,14.362076214830623,363.6637848680746,19.069970762119027,0.7404839544649755,8.072906167222675
Ford Rouge Electric Vehicle Center,LSTM,42,12,13.037896442400543,237.06442463815213,15.396896591136544,0.9605089411349934,9.596342036240856
GM Factory Zero,LSTM,42,12,13.93920263421127,262.3067175857064,16.195885822816436,0.9559048926078263,10.104769017511217
Hyundai Metaplant Georgia,LSTM,42,12,12.636245992331204,248.04852329799306,15.74955628892424,0.9175015036824837,7.940451513473858
Lucid AMP 1 Casa Grande,LSTM,42,12,7.495579164733631,81.36728134788363,9.020381441373953,0.9853354582992306,3.6582492369914412
Rivian Normal,LSTM,42,12,14.236592126342925,279.6853080091999,16.72379466536228,0.9525934187005582,9.29617337910634
Tesla Fremont Factory,LSTM,42,12,10.152983415053908,154.9762054885894,12.448943950736922,0.9826379843908061,5.642322535129707
Tesla Gigafactory Nevada,LSTM,42,12,9.769634662239165,136.9316300944876,11.701778928628228,0.9844453885373162,5.26739451444328
Tesla Gigafactory Texas,LSTM,42,12,13.33599497426018,283.67833823359666,16.84275328542209,0.9147148425079037,8.063090910798472
BMW San Luis Potosi,LSTM,67,12,18.866883436548747,493.5411422922136,22.21578588058981,0.7557476556275611,8.964522181798957
BYD Camacari,LSTM,67,12,13.898914745085508,359.17317843654547,18.951864774648048,0.7436885199775611,8.022908263894244
Ford Rouge Electric Vehicle Center,LSTM,67,12,11.403283974513945,194.57790215945587,13.949118329107968,0.9675865014342101,8.693992961359202
GM Factory Zero,LSTM,67,12,13.578244973012694,250.28919376674182,15.82053076754196,0.9579251001277199,9.870581386491962
Hyundai Metaplant Georgia,LSTM,67,12,12.683538960907645,208.3971531854887,14.435967344985533,0.9306891589352468,7.278179565830749
Lucid AMP 1 Casa Grande,LSTM,67,12,11.662552179295796,196.33863720813102,14.012088966607763,0.964614571298003,5.682654786152962
Rivian Normal,LSTM,67,12,15.990791035306296,365.40620743093456,19.11560115274784,0.9380637502799201,10.62569507205436
Tesla Fremont Factory,LSTM,67,12,8.960970201118798,140.62588624081488,11.858578592766289,0.9842456535551871,5.374747086447536
Tesla Gigafactory Nevada,LSTM,67,12,8.072204005935722,98.6566296475011,9.932604373853874,0.9887931989027965,4.471024970825222
Tesla Gigafactory Texas,LSTM,67,12,11.569374468739122,233.59205129884435,15.283718503651013,0.9297728018008942,7.316737926491723
BMW San Luis Potosi,LSTM,89,12,16.39931016019166,379.5042153739949,19.48086793174254,0.8121842611260179,7.860927073814845
BYD Camacari,LSTM,89,12,14.988833485077814,411.697782477845,20.290337170137047,0.7062061582432579,8.58952486708613
Ford Rouge Electric Vehicle Center,LSTM,89,12,11.462026842930333,192.93523408982676,13.890112817750142,0.9678601430889308,8.657216909402148
GM Factory Zero,LSTM,89,12,11.13764126818655,189.5546596054409,13.767885081066042,0.968134887474783,8.589915990134962
Hyundai Metaplant Georgia,LSTM,89,12,13.510584474479161,287.0602170564468,16.942851503110294,0.904526598486191,8.542074988807457
Lucid AMP 1 Casa Grande,LSTM,89,12,10.237601435782402,139.51070658203355,11.811465048080764,0.9748564712930617,4.790183572692803
Rivian Normal,LSTM,89,12,17.638017473931495,443.80838590271065,21.066760213727942,0.9247746030085399,11.710276250191685
Tesla Fremont Factory,LSTM,89,12,10.881052570788375,169.05223787210753,13.002008993694302,0.9810610436392392,5.892992099360991
Tesla Gigafactory Nevada,LSTM,89,12,9.03237903065542,112.6440652687118,10.613390846883563,0.987204310153739,4.7774716192720454
Tesla Gigafactory Texas,LSTM,89,12,12.333427906456075,242.9218336229612,15.585949878751734,0.926967892692099,7.461424428290806
BMW San Luis Potosi,DilatedRNN,11,12,21.037315497079216,683.6981587335098,26.147622429840727,0.6616393978054498,10.55109832861731
BYD Camacari,DilatedRNN,11,12,19.252928131177388,556.6028452487916,23.59243194858876,0.6027996865706318,9.987403323967124
Ford Rouge Electric Vehicle Center,DilatedRNN,11,12,13.978228455066912,264.95983280047807,16.27758682361971,0.9558620220222531,10.145245164144573
GM Factory Zero,DilatedRNN,11,12,14.692429649128812,318.809818153343,17.85524623614424,0.9464064309959667,11.1400599473755
Hyundai Metaplant Georgia,DilatedRNN,11,12,13.536354085870565,264.0734501618583,16.250336924564312,0.9121717708048611,8.192930014025839
Lucid AMP 1 Casa Grande,DilatedRNN,11,12,8.31613571421955,127.94319817127506,11.311197910534279,0.9769412430422654,4.587298374753483
Rivian Normal,DilatedRNN,11,12,18.292489025834133,545.308901389613,23.351850063530577,0.9075702940885776,12.980477891365757
Tesla Fremont Factory,DilatedRNN,11,12,5.64934142517668,51.78415411475722,7.196120768494454,0.9941986107530841,3.2615484926484593
Tesla Gigafactory Nevada,DilatedRNN,11,12,13.45520236110076,258.6161891623586,16.081548095950172,0.9706227528467701,7.238887244496407
Tesla Gigafactory Texas,DilatedRNN,11,12,11.586101732299433,233.4759194697747,15.279918830601645,0.9298077157156954,7.314918918120041
BMW San Luis Potosi,DilatedRNN,23,12,18.455742865555028,584.8028754549672,24.18269785311323,0.7105824396681252,9.75821123255353
BYD Camacari,DilatedRNN,23,12,16.675315972638806,467.8952440265393,21.630886343988294,0.6661027891505275,9.157020634544057
Ford Rouge Electric Vehicle Center,DilatedRNN,23,12,11.368658527806792,243.54335955665454,15.605875802294934,0.9594296564610502,9.726591400251923
GM Factory Zero,DilatedRNN,23,12,12.40928581985794,233.31713490363327,15.274722089243825,0.9607781904531346,9.530046099796747
Hyundai Metaplant Georgia,DilatedRNN,23,12,11.931996754581474,206.27300395909603,14.362207489069919,0.9313956300514683,7.2409920699550305
Lucid AMP 1 Casa Grande,DilatedRNN,23,12,9.241980064677897,136.05983032164949,11.66446871150373,0.9754784107014615,4.730568661769306
Rivian Normal,DilatedRNN,23,12,17.71459678863895,410.5703534244222,20.262535710626697,0.9304084401955245,11.263235936306508
Tesla Fremont Factory,DilatedRNN,23,12,11.253775097938439,190.99359433802599,13.820043210425428,0.9786029490417675,6.263755508195841
Tesla Gigafactory Nevada,DilatedRNN,23,12,10.610038614460901,151.28669843076446,12.299865789136256,0.9828147389179626,5.536615072053822
Tesla Gigafactory Texas,DilatedRNN,23,12,12.502435476795327,241.26222111266887,15.532617973563532,0.9274668391932577,7.435892973148568
BMW San Luis Potosi,DilatedRNN,42,12,26.91677119294432,905.573802137605,30.0927533159996,0.5518336664962111,12.14303901120965
BYD Camacari,DilatedRNN,42,12,20.60087610479273,678.9770436233666,26.05718794542816,0.5154715847383058,11.030810476279552
Ford Rouge Electric Vehicle Center,DilatedRNN,42,12,11.546485006380005,200.66725036297166,14.165706843040754,0.9665721155400734,8.82898493513245
GM Factory Zero,DilatedRNN,42,12,14.566304068886604,291.8889007072564,17.084756384193966,0.9509319755828801,10.659343914336683
Hyundai Metaplant Georgia,DilatedRNN,42,12,14.694041952348378,334.48810702752957,18.289016021304416,0.8887525493037801,9.220770559005608
Lucid AMP 1 Casa Grande,DilatedRNN,42,12,10.183020724202294,158.03428659407766,12.571168863477956,0.97151803098838,5.098284280082949
Rivian Normal,DilatedRNN,42,12,17.446435280893187,497.583108474692,22.306570970785536,0.9156598026080137,12.399443749883588
Tesla Fremont Factory,DilatedRNN,42,12,9.987919194300062,158.75891211334255,12.59995682982059,0.9822142070034523,5.710767165784354
Tesla Gigafactory Nevada,DilatedRNN,42,12,9.589612787392895,151.41703245886706,12.305162837559974,0.9827999337544944,5.538999465399485
Tesla Gigafactory Texas,DilatedRNN,42,12,16.253000338075235,417.8032717557615,20.440236587568194,0.8743914743216612,9.785305469411629
BMW San Luis Potosi,DilatedRNN,67,12,23.60348550091351,761.2652949588529,27.591036496638775,0.6232516054902977,11.133545309736133
BYD Camacari,DilatedRNN,67,12,17.319002918053766,561.7337407084816,23.700922781792308,0.5991382010030342,10.033330836252347
Ford Rouge Electric Vehicle Center,DilatedRNN,67,12,13.496786234085382,263.70274064270444,16.238926708459044,0.9560714330314215,10.121149679314481
GM Factory Zero,DilatedRNN,67,12,13.571409663437995,255.96250121297808,15.998828119989854,0.956971387987165,9.981822820435736
Hyundai Metaplant Georgia,DilatedRNN,67,12,12.652292965032851,239.53574503135317,15.476942366997209,0.9203327699087234,7.803007791933471
Lucid AMP 1 Casa Grande,DilatedRNN,67,12,9.291618301929127,150.33490538762018,12.261113545988398,0.9729056636449201,4.9725401930947
Rivian Normal,DilatedRNN,67,12,19.18826896822513,452.88102124470555,21.281001415457535,0.9232367938615313,11.82936545189968
Tesla Fremont Factory,DilatedRNN,67,12,10.224795236991794,151.0618006051616,12.290720101164196,0.9830765159606849,5.570609625538984
Tesla Gigafactory Nevada,DilatedRNN,67,12,12.593141851606406,199.19737689317523,14.11373008432481,0.9773723733528835,6.353101086419226
Tesla Gigafactory Texas,DilatedRNN,67,12,15.746862172583834,338.54259696354796,18.39952708532336,0.8982204320583544,8.808361500673916
BMW San Luis Potosi,DilatedRNN,89,12,19.32758399432612,541.468453983404,23.269474725128713,0.732028542392801,9.38970709627169
BYD Camacari,DilatedRNN,89,12,14.17715119654831,402.73567020366954,20.068275217458762,0.7126016587957219,8.495519200814053
Ford Rouge Electric Vehicle Center,DilatedRNN,89,12,15.209879849806683,305.1537608060686,17.468650800965385,0.9491663704950052,10.887593289041007
GM Factory Zero,DilatedRNN,89,12,13.342313093112445,254.12574662240277,15.94132198477914,0.9572801558741254,9.945944189297485
Hyundai Metaplant Georgia,DilatedRNN,89,12,14.229098898758645,318.23962357438495,17.839271946309495,0.8941566349016375,8.994023153843427
Lucid AMP 1 Casa Grande,DilatedRNN,89,12,9.109001817083353,116.88090600802946,10.811147303040018,0.9789349614269368,4.384500991382037
Rivian Normal,DilatedRNN,89,12,21.92336954580219,620.0388773374503,24.900579859462116,0.8949035841155248,13.841362695828627
Tesla Fremont Factory,DilatedRNN,89,12,6.063478331019135,63.718430023352035,7.982382477891675,0.9928616114120808,3.6179114242350328
Tesla Gigafactory Nevada,DilatedRNN,89,12,8.7156076130119,103.83025253583544,10.189713074264429,0.9882055063891898,4.586758908922869
Tesla Gigafactory Texas,DilatedRNN,89,12,12.893991737510424,267.344071440049,16.350659663758186,0.9196255823433102,7.827512110773277
BMW San Luis Potosi,DeepNPTS,11,12,33.129019917042946,1443.3893936581915,37.991964856508694,0.28567000188488967,15.330531790183807
BYD Camacari,DeepNPTS,11,12,24.124074280809058,992.0451296003039,31.496747921020415,0.2920614046857958,13.333543806168347
Ford Rouge Electric Vehicle Center,DeepNPTS,11,12,32.40227209473809,1611.2649555398866,40.14056496288868,0.7315895908739929,25.018196922461193
GM Factory Zero,DeepNPTS,11,12,32.67881312714125,1656.8661180560919,40.70462035268345,0.7214722898346448,25.39600433771309
Hyundai Metaplant Georgia,DeepNPTS,11,12,31.51676666938856,1447.411065668618,38.044855968561876,0.518605332201303,19.181069524346345
Lucid AMP 1 Casa Grande,DeepNPTS,11,12,34.88439261191681,1816.9355238294756,42.62552666923279,0.6725400392463812,17.286940849180738
Rivian Normal,DeepNPTS,11,12,34.50487374230416,1783.5243649440454,42.23179329538405,0.6976931201424643,23.4751789555033
Tesla Fremont Factory,DeepNPTS,11,12,43.95946999650559,2434.8880803615352,49.3445851169258,0.727218996460784,22.364793808504153
Tesla Gigafactory Nevada,DeepNPTS,11,12,44.31198101030835,2486.4594486496503,49.86441064175581,0.7175531276829432,22.44577723458344
Tesla Gigafactory Texas,DeepNPTS,11,12,31.70152772831449,1344.1277145109343,36.66234736771412,0.5959009611542484,17.551277681245438
BMW San Luis Potosi,DeepNPTS,23,12,25.317728228501366,875.6951717544806,29.59214712984647,0.5666205300266172,11.941034216770372
BYD Camacari,DeepNPTS,23,12,16.751841338130237,494.5040211486715,22.237446372024632,0.6471143583455089,9.413796182456917
Ford Rouge Electric Vehicle Center,DeepNPTS,23,12,14.378250456194456,379.82555126561573,19.48911366033909,0.9367272705452996,12.146876454015493
GM Factory Zero,DeepNPTS,23,12,24.50324063594213,927.0761513642232,30.447925239073733,0.8441537341041543,18.99675355637861
Hyundai Metaplant Georgia,DeepNPTS,23,12,16.74467657151072,435.07263554087814,20.85839484574204,0.8552991255751143,10.516173908847344
Lucid AMP 1 Casa Grande,DeepNPTS,23,12,13.346091109322918,348.22802809686965,18.660868899836085,0.937240075435603,7.56798477515654
Rivian Normal,DeepNPTS,23,12,25.61232052782167,944.0750362462123,30.72580407810693,0.8399795460221053,17.07940139411818
Tesla Fremont Factory,DeepNPTS,23,12,18.68679542458746,599.0770370605101,24.476050274922017,0.9328852785125131,11.09345263209938
Tesla Gigafactory Nevada,DeepNPTS,23,12,15.165592535319382,463.61665397770275,21.531759193751512,0.947335930235574,9.692224657056984
Tesla Gigafactory Texas,DeepNPTS,23,12,17.19844806033667,469.9130862567943,21.677478779987176,0.8587251609743766,10.377607458706004
BMW San Luis Potosi,DeepNPTS,42,12,32.691719206497716,1366.702079677284,36.968933980807236,0.32362237225155654,14.917717990699733
BYD Camacari,DeepNPTS,42,12,21.30975213422911,645.6858816970758,25.41034989324381,0.5392286676645348,10.756983999783523
Ford Rouge Electric Vehicle Center,DeepNPTS,42,12,12.492894946761645,298.249863577524,17.26991208945558,0.9503164469447575,10.763726466905709
GM Factory Zero,DeepNPTS,42,12,14.196384258115947,328.0002572372645,18.110777378049363,0.9448614709502738,11.299488285780711
Hyundai Metaplant Georgia,DeepNPTS,42,12,17.01993643117148,407.9961638927279,20.1989149186962,0.8643044934235362,10.183684009528761
Lucid AMP 1 Casa Grande,DeepNPTS,42,12,7.629010986662789,122.18572976381085,11.053765411108147,0.9779788915190669,4.482895667315536
Rivian Normal,DeepNPTS,42,12,20.790910410302942,586.4319397856523,24.216356864434673,0.900599950609049,13.461027029251682
Tesla Fremont Factory,DeepNPTS,42,12,14.042218014015745,360.11626169215293,18.976729478288743,0.9596561024519079,8.60095673995468
Tesla Gigafactory Nevada,DeepNPTS,42,12,13.533686059950073,440.9509305754973,20.99883164786787,0.9499106203988233,9.452334666919196
Tesla Gigafactory Texas,DeepNPTS,42,12,16.29510919836138,449.07261870562814,21.191333575441355,0.8649906466239947,10.144876330150293
BMW San Luis Potosi,DeepNPTS,67,12,30.161210533800155,1276.7125087645602,35.73111401516275,0.3681579981214028,14.418232417750062
BYD Camacari,DeepNPTS,67,12,21.193397383612457,691.2013229045655,26.290707919425934,0.506748151857236,11.129666675996495
Ford Rouge Electric Vehicle Center,DeepNPTS,67,12,38.43251598172086,2068.6625752201257,45.48255242639891,0.6553946225607288,28.34766910211235
GM Factory Zero,DeepNPTS,67,12,35.46846706029681,1986.0757985356674,44.56541033734198,0.6661304505218679,27.80478836143937
Hyundai Metaplant Georgia,DeepNPTS,67,12,28.605456775179167,1289.1780501257651,35.90512568040621,0.5712320750518909,18.10228201482394
Lucid AMP 1 Casa Grande,DeepNPTS,67,12,35.51363231049408,1842.6777976372762,42.92642307061323,0.6679005989028709,17.408970503682333
Rivian Normal,DeepNPTS,67,12,40.70257743248338,2373.085914203361,48.71432965979683,0.5977626028230949,27.078594519122777
Tesla Fremont Factory,DeepNPTS,67,12,44.87475310387438,2501.8525241307075,50.018521810732345,0.7197169562971606,22.670246882255878
Tesla Gigafactory Nevada,DeepNPTS,67,12,45.196510194908456,2500.8210111195463,50.00820943724686,0.7159217403689813,22.51050628058345
Tesla Gigafactory Texas,DeepNPTS,67,12,30.16301986784012,1234.7472298774812,35.13897024497845,0.6287851493394041,16.821995002582696
BMW San Luis Potosi,DeepNPTS,89,12,32.8077202087398,1416.9275006407654,37.642097452729246,0.2987659301716791,15.18935316527594
BYD Camacari,DeepNPTS,89,12,24.124074280809058,992.0451296003039,31.496747921020415,0.2920614046857958,13.333543806168347
Ford Rouge Electric Vehicle Center,DeepNPTS,89,12,35.73214707749698,1954.7714784498003,44.21279767725404,0.674367017991305,27.556275797441465
GM Factory Zero,DeepNPTS,89,12,36.25897236264331,2012.6800526814468,44.8629028561622,0.6616581386632763,27.99039680669533
Hyundai Metaplant Georgia,DeepNPTS,89,12,28.95554163729852,1398.9700172970495,37.402807612491465,0.5347163478911545,18.85736809764216
Lucid AMP 1 Casa Grande,DeepNPTS,89,12,34.98726954534113,1817.5292294038788,42.632490302630444,0.6724330377586873,17.289764976600317
Rivian Normal,DeepNPTS,89,12,37.072551364381,2156.3033277029667,46.43601326236961,0.634507190461199,25.812158003562658
Tesla Fremont Factory,DeepNPTS,89,12,43.93121584157472,2484.761623388022,49.847383315355906,0.7216316533600688,22.59268057679962
Tesla Gigafactory Nevada,DeepNPTS,89,12,42.86874681387846,2427.053014654593,49.265129804503644,0.7243013420913971,22.17601922479654
Tesla Gigafactory Texas,DeepNPTS,89,12,31.70152772831449,1344.1277145109343,36.66234736771412,0.5959009611542484,17.551277681245438
BMW San Luis Potosi,DeepAR,11,12,21.38957148195888,753.323374820311,27.446737052340318,0.6271820429886755,11.075317544299981
BYD Camacari,DeepAR,11,12,19.7122907948365,693.4639858095198,26.333704369296772,0.5051334809609146,11.147868397942522
Ford Rouge Electric Vehicle Center,DeepAR,11,12,14.744480847856742,391.7375714100163,19.792361440970513,0.9347429226641627,12.335880089095129
GM Factory Zero,DeepAR,11,12,15.481696721036185,402.79599203547673,20.069778076388307,0.9322879235064266,12.521727672895375
Hyundai Metaplant Georgia,DeepAR,11,12,11.565111895176061,229.68103346657202,15.155231224450917,0.9236103499359207,7.6408107317833025
Lucid AMP 1 Casa Grande,DeepAR,11,12,9.741301246506916,136.42914848028428,11.680288886850542,0.9754118497761308,4.736984592710551
Rivian Normal,DeepAR,11,12,17.555868961375776,396.9458357408039,19.923499585685338,0.932717792123345,11.074777595224205
Tesla Fremont Factory,DeepAR,11,12,8.759622932340871,155.4680039154586,12.468680921230545,0.9825828881136908,5.651268061258834
Tesla Gigafactory Nevada,DeepAR,11,12,17.982806529054308,549.300101843687,23.437152170084296,0.9376028047376972,10.54991104581964
Tesla Gigafactory Texas,DeepAR,11,12,8.444374112348838,147.0034567821895,12.124498207438917,0.9558048279554298,5.8043319662592285
BMW San Luis Potosi,DeepAR,23,12,23.204328738795905,757.2287167991311,27.51778909722093,0.6252492984773008,11.10398849187834
BYD Camacari,DeepAR,23,12,14.493006753907004,424.2205659662821,20.596615400746845,0.6972697081890149,8.719181878500507
Ford Rouge Electric Vehicle Center,DeepAR,23,12,15.154450274796313,364.79262314860676,19.099545103185225,0.939231510690519,11.90407212660542
GM Factory Zero,DeepAR,23,12,15.92326547617788,367.81503307387106,19.178504453524813,0.9381684024979311,11.965653482884205
Hyundai Metaplant Georgia,DeepAR,23,12,16.64573426322073,380.5025963567573,19.506475754393907,0.8734485832571078,9.834577056335462
Lucid AMP 1 Casa Grande,DeepAR,23,12,14.533994455496876,348.3253066749475,18.66347520358809,0.9372225432563145,7.569041771335039
Rivian Normal,DeepAR,23,12,18.869199935556402,515.7898660965055,22.711007597561707,0.9125737622952729,12.624255945835694
Tesla Fremont Factory,DeepAR,23,12,13.440259094596888,324.66791762817326,18.018543715521886,0.9636273875986733,8.166671458930514
Tesla Gigafactory Nevada,DeepAR,23,12,15.546610194672644,417.90886288175597,20.442819347676974,0.9525280610151783,9.202053392776902
Tesla Gigafactory Texas,DeepAR,23,12,11.744502219142936,293.7689952519215,17.139690640496447,0.9116811837577672,8.2052430190793
BMW San Luis Potosi,DeepAR,42,12,17.17259490688697,525.9908533423685,22.934490474880153,0.7396883703542052,9.254534127012464
BYD Camacari,DeepAR,42,12,19.738002339927704,646.2888838415643,25.422212410440682,0.5387983561006722,10.762005768795756
Ford Rouge Electric Vehicle Center,DeepAR,42,12,15.197136060834174,307.55402752700957,17.537218352036607,0.9487665252862055,10.930329022750206
GM Factory Zero,DeepAR,42,12,16.446701543291564,339.19343597386984,18.417204890370034,0.9429798400755741,11.490671359462846
Hyundai Metaplant Georgia,DeepAR,42,12,14.258315144843285,307.52285333868946,17.53632952868671,0.8977209271540976,8.84128871902002
Lucid AMP 1 Casa Grande,DeepAR,42,12,11.845974292673688,187.56595189358305,13.695471948552305,0.9661956418154372,5.5542495770996885
Rivian Normal,DeepAR,42,12,23.743650123163167,796.8177383271328,28.227960222572456,0.8649396167366791,15.690937231551228
Tesla Fremont Factory,DeepAR,42,12,16.99984095106531,455.99286501106593,21.353989440174075,0.9489150272130898,9.678419013693427
Tesla Gigafactory Nevada,DeepAR,42,12,19.26568086031433,682.8540473463853,26.131476180009145,0.9224318779754184,11.76272386655156
Tesla Gigafactory Texas,DeepAR,42,12,10.58078917326827,237.02286772545256,15.39554700962108,0.9287413599181911,7.370273319118763
BMW San Luis Potosi,DeepAR,67,12,25.468328552564667,1046.2824919177795,32.34629023424138,0.48219726862113144,13.052387066671955
BYD Camacari,DeepAR,67,12,18.062394176813136,669.7295165352613,25.87913283970816,0.5220707616724448,10.955434264170837
Ford Rouge Electric Vehicle Center,DeepAR,67,12,12.095638886395752,243.17640525079673,15.594114442660626,0.9594907850513712,9.719260960043146
GM Factory Zero,DeepAR,67,12,13.239602794786267,253.86974685466217,15.933290521880977,0.9573231907508332,9.94093328230873
Hyundai Metaplant Georgia,DeepAR,67,12,11.543425169129094,215.3443864130361,14.674617078923596,0.9283785775731026,7.398499567631134
Lucid AMP 1 Casa Grande,DeepAR,67,12,9.686513296458948,124.98147571945857,11.179511425793999,0.9774750239635557,4.533892431174024
Rivian Normal,DeepAR,67,12,16.34407572916399,432.94205993029715,20.80725978908076,0.926616442214554,11.566029027133613
Tesla Fremont Factory,DeepAR,67,12,13.129499442466761,278.6355095113045,16.69237878528116,0.9687844075794774,7.565604388437919
Tesla Gigafactory Nevada,DeepAR,67,12,15.31256368621841,343.10463319416493,18.52308379277503,0.9610253726133309,8.3379108899363
Tesla Gigafactory Texas,DeepAR,67,12,10.474021245854152,260.1037546472383,16.127732470723785,0.9218023137843236,7.7207907099746755
BMW San Luis Potosi,DeepAR,89,12,18.819656341120062,611.4159428910046,24.72682638130103,0.6974116955190076,9.977778178638971
BYD Camacari,DeepAR,89,12,14.64952656130974,386.2808718316501,19.654029404466915,0.7243440548804235,8.320156185308493
Ford Rouge Electric Vehicle Center,DeepAR,89,12,14.765403303276443,316.58383553140055,17.792802913858193,0.9472623068443815,11.089625856362415
GM Factory Zero,DeepAR,89,12,16.509754778915525,361.245323680834,19.006454789908453,0.9392728044129399,11.858310042123799
Hyundai Metaplant Georgia,DeepAR,89,12,17.497637403990883,408.6679665080573,20.215537749663184,0.8640810584889114,10.192064739810212
Lucid AMP 1 Casa Grande,DeepAR,89,12,11.223445811460849,182.69542688479223,13.516487224304703,0.9670734395728758,5.481661656603482
Rivian Normal,DeepAR,89,12,19.78399447073218,508.76361441373643,22.555788933525168,0.9137647099857342,12.537975311480293
Tesla Fremont Factory,DeepAR,89,12,16.41457183258652,376.95382008143696,19.415298609123603,0.9577697873840313,8.79973251562803
Tesla Gigafactory Nevada,DeepAR,89,12,15.66150914628046,419.67900591145434,20.486068581146906,0.9523269833894951,9.221521439175904
Tesla Gigafactory Texas,DeepAR,89,12,13.211118273245317,272.1248108257245,16.496205952452357,0.9181882991373564,7.897189136707401
