tarefa,resolucao,particao,modelo,tipo_estimativa,semente,localidade,tipo_horizonte,horizonte,N_origens,N_pontos,MAE_wm2,RMSE_wm2,nRMSE,R2
hourly_72_extension,horaria,validacao_2023,Persistencia,deterministica,,BMW San Luis Potosi,cumulativo,24,3,72,43.94444444444444,88.80154997396035,0.4635811773582617,0.8683093805592628
hourly_72_extension,horaria,validacao_2023,Persistencia,deterministica,,BMW San Luis Potosi,lead_exato,24,3,3,0.0,0.0,,
hourly_72_extension,horaria,validacao_2023,Persistencia,deterministica,,BMW San Luis Potosi,cumulativo,48,3,144,45.236111111111114,99.34112804987782,0.47971570889277015,0.8669358997557753
hourly_72_extension,horaria,validacao_2023,Persistencia,deterministica,,BMW San Luis Potosi,lead_exato,48,3,3,0.0,0.0,,
hourly_72_extension,horaria,validacao_2023,Persistencia,deterministica,,BMW San Luis Potosi,cumulativo,72,3,216,49.68981481481482,107.91304155215455,0.49734817622773775,0.8586326243746976
hourly_72_extension,horaria,validacao_2023,Persistencia,deterministica,,BMW San Luis Potosi,lead_exato,72,3,3,0.0,0.0,,
hourly_72_extension,horaria,validacao_2023,Sazonal ingenuo,deterministica,,BMW San Luis Potosi,cumulativo,24,3,72,49.3125,98.43217137252998,0.5138570431280568,0.8381965120748167
hourly_72_extension,horaria,validacao_2023,Sazonal ingenuo,deterministica,,BMW San Luis Potosi,lead_exato,24,3,3,0.0,0.0,,
hourly_72_extension,horaria,validacao_2023,Sazonal ingenuo,deterministica,,BMW San Luis Potosi,cumulativo,48,3,144,68.17708333333333,136.15169108795936,0.6574729549519164,0.7500524943660729
hourly_72_extension,horaria,validacao_2023,Sazonal ingenuo,deterministica,,BMW San Luis Potosi,lead_exato,48,3,3,0.0,0.0,,
hourly_72_extension,horaria,validacao_2023,Sazonal ingenuo,deterministica,,BMW San Luis Potosi,cumulativo,72,3,216,65.04166666666667,133.6751607858061,0.6160802852696805,0.783078419910273
hourly_72_extension,horaria,validacao_2023,Sazonal ingenuo,deterministica,,BMW San Luis Potosi,lead_exato,72,3,3,0.0,0.0,,
hourly_72_extension,horaria,validacao_2023,XGBoost,semente,42.0,BMW San Luis Potosi,cumulativo,24,3,72,46.52466115649117,84.0887736542485,0.4389785167565177,0.8819163454096123
hourly_72_extension,horaria,validacao_2023,XGBoost,semente,42.0,BMW San Luis Potosi,lead_exato,24,3,3,0.0,0.0,,
hourly_72_extension,horaria,validacao_2023,XGBoost,semente,42.0,BMW San Luis Potosi,cumulativo,48,3,144,45.32870899198719,83.57971450536037,0.40360425515666976,0.9058100657195429
hourly_72_extension,horaria,validacao_2023,XGBoost,semente,42.0,BMW San Luis Potosi,lead_exato,48,3,3,0.0,0.0,,
hourly_72_extension,horaria,validacao_2023,XGBoost,semente,42.0,BMW San Luis Potosi,cumulativo,72,3,216,43.789747631026394,79.84823622676339,0.3680034784599162,0.922601599846438
hourly_72_extension,horaria,validacao_2023,XGBoost,semente,42.0,BMW San Luis Potosi,lead_exato,72,3,3,0.0,0.0,,
hourly_72_extension,horaria,validacao_2023,LSTM,semente,42.0,BMW San Luis Potosi,cumulativo,24,3,72,45.363996447581385,89.35670139249343,0.4664792996127848,0.8666576806557056
hourly_72_extension,horaria,validacao_2023,LSTM,semente,42.0,BMW San Luis Potosi,lead_exato,24,3,3,0.0,0.0,,
hourly_72_extension,horaria,validacao_2023,LSTM,semente,42.0,BMW San Luis Potosi,cumulativo,48,3,144,45.66218405934504,91.18501521241166,0.4403300533396136,0.8878886255280222
hourly_72_extension,horaria,validacao_2023,LSTM,semente,42.0,BMW San Luis Potosi,lead_exato,48,3,3,0.0,0.0,,
hourly_72_extension,horaria,validacao_2023,LSTM,semente,42.0,BMW San Luis Potosi,cumulativo,72,3,216,42.3736446844651,84.00462248429606,0.38715937560774,0.914334156034212
hourly_72_extension,horaria,validacao_2023,LSTM,semente,42.0,BMW San Luis Potosi,lead_exato,72,3,3,0.0,0.0,,
hourly_72_extension,horaria,validacao_2023,TimesNet,semente,42.0,BMW San Luis Potosi,cumulativo,24,3,72,50.56745816560255,95.5310380066406,0.4987119153478918,0.8475937625668991
hourly_72_extension,horaria,validacao_2023,TimesNet,semente,42.0,BMW San Luis Potosi,lead_exato,24,3,3,0.0,0.0,,
hourly_72_extension,horaria,validacao_2023,TimesNet,semente,42.0,BMW San Luis Potosi,cumulativo,48,3,144,49.466144976464825,96.40553980041045,0.46553983002210275,0.8746839467424089
hourly_72_extension,horaria,validacao_2023,TimesNet,semente,42.0,BMW San Luis Potosi,lead_exato,48,3,3,0.0,0.0,,
hourly_72_extension,horaria,validacao_2023,TimesNet,semente,42.0,BMW San Luis Potosi,cumulativo,72,3,216,46.54501681838668,91.01243039789993,0.41945686657875236,0.899445212441467
hourly_72_extension,horaria,validacao_2023,TimesNet,semente,42.0,BMW San Luis Potosi,lead_exato,72,3,3,0.0,0.0,,
hourly_72_extension,horaria,validacao_2023,DilatedRNN,semente,42.0,BMW San Luis Potosi,cumulativo,24,3,72,171.68649903427448,291.8464228675354,1.5235602121855099,-0.4224024683860983
hourly_72_extension,horaria,validacao_2023,DilatedRNN,semente,42.0,BMW San Luis Potosi,lead_exato,24,3,3,0.0,0.0,,
hourly_72_extension,horaria,validacao_2023,DilatedRNN,semente,42.0,BMW San Luis Potosi,cumulativo,48,3,144,180.51781824927698,310.45380829771744,1.4991733197475288,-0.2995611223296917
hourly_72_extension,horaria,validacao_2023,DilatedRNN,semente,42.0,BMW San Luis Potosi,lead_exato,48,3,3,0.0,0.0,,
hourly_72_extension,horaria,validacao_2023,DilatedRNN,semente,42.0,BMW San Luis Potosi,cumulativo,72,3,216,177.3090415631326,313.3443179978204,1.4441370833961893,-0.19191415296008696
hourly_72_extension,horaria,validacao_2023,DilatedRNN,semente,42.0,BMW San Luis Potosi,lead_exato,72,3,3,0.0,0.0,,
hourly_72_extension,horaria,validacao_2023,Persistencia,deterministica,,BYD Camacari,cumulativo,24,3,72,42.333333333333336,83.27347850439672,0.3269811824675682,0.9332964562851278
hourly_72_extension,horaria,validacao_2023,Persistencia,deterministica,,BYD Camacari,lead_exato,24,3,3,0.0,0.0,,
hourly_72_extension,horaria,validacao_2023,Persistencia,deterministica,,BYD Camacari,cumulativo,48,3,144,58.39930555555556,128.25548910713766,0.5375475640377742,0.8311183296917746
hourly_72_extension,horaria,validacao_2023,Persistencia,deterministica,,BYD Camacari,lead_exato,48,3,3,0.0,0.0,,
hourly_72_extension,horaria,validacao_2023,Persistencia,deterministica,,BYD Camacari,cumulativo,72,3,216,62.06481481481482,131.26448773655707,0.5586218114509034,0.8175759338989887
hourly_72_extension,horaria,validacao_2023,Persistencia,deterministica,,BYD Camacari,lead_exato,72,3,3,0.0,0.0,,
hourly_72_extension,horaria,validacao_2023,Sazonal ingenuo,deterministica,,BYD Camacari,cumulativo,24,3,72,36.15277777777778,89.54119163826222,0.3515919503697478,0.9228774761022016
hourly_72_extension,horaria,validacao_2023,Sazonal ingenuo,deterministica,,BYD Camacari,lead_exato,24,3,3,0.0,0.0,,
hourly_72_extension,horaria,validacao_2023,Sazonal ingenuo,deterministica,,BYD Camacari,cumulativo,48,3,144,41.39930555555556,91.93788475257507,0.3853323264024103,0.9132200074785777
hourly_72_extension,horaria,validacao_2023,Sazonal ingenuo,deterministica,,BYD Camacari,lead_exato,48,3,3,0.0,0.0,,
hourly_72_extension,horaria,validacao_2023,Sazonal ingenuo,deterministica,,BYD Camacari,cumulativo,72,3,216,50.55555555555556,106.15566618397231,0.45176628928368395,0.8806907829536789
hourly_72_extension,horaria,validacao_2023,Sazonal ingenuo,deterministica,,BYD Camacari,lead_exato,72,3,3,0.0,0.0,,
hourly_72_extension,horaria,validacao_2023,XGBoost,semente,42.0,BYD Camacari,cumulativo,24,3,72,34.49474633353142,61.62522965310639,0.24197728765160526,0.9634697540987163
hourly_72_extension,horaria,validacao_2023,XGBoost,semente,42.0,BYD Camacari,lead_exato,24,3,3,0.0,0.0,,
hourly_72_extension,horaria,validacao_2023,XGBoost,semente,42.0,BYD Camacari,cumulativo,48,3,144,50.442498925869586,99.92997691603857,0.41882897987075757,0.8974767966241626
hourly_72_extension,horaria,validacao_2023,XGBoost,semente,42.0,BYD Camacari,lead_exato,48,3,3,0.0,0.0,,
hourly_72_extension,horaria,validacao_2023,XGBoost,semente,42.0,BYD Camacari,cumulativo,72,3,216,54.391659244851866,104.66723724022198,0.4454319875459398,0.8840130423027861
hourly_72_extension,horaria,validacao_2023,XGBoost,semente,42.0,BYD Camacari,lead_exato,72,3,3,0.0,0.0,,
hourly_72_extension,horaria,validacao_2023,LSTM,semente,42.0,BYD Camacari,cumulativo,24,3,72,34.637724437543916,60.66191967984015,0.23819476001137027,0.9646028909716216
hourly_72_extension,horaria,validacao_2023,LSTM,semente,42.0,BYD Camacari,lead_exato,24,3,3,0.0,0.0,,
hourly_72_extension,horaria,validacao_2023,LSTM,semente,42.0,BYD Camacari,cumulativo,48,3,144,51.27348248213012,106.41528913911748,0.44601038015085254,0.8837377691419542
hourly_72_extension,horaria,validacao_2023,LSTM,semente,42.0,BYD Camacari,lead_exato,48,3,3,0.0,0.0,,
hourly_72_extension,horaria,validacao_2023,LSTM,semente,42.0,BYD Camacari,cumulativo,72,3,216,53.65172149704045,108.54887774859196,0.4619510711882627,0.8752506443586114
hourly_72_extension,horaria,validacao_2023,LSTM,semente,42.0,BYD Camacari,lead_exato,72,3,3,0.0,0.0,,
hourly_72_extension,horaria,validacao_2023,TimesNet,semente,42.0,BYD Camacari,cumulativo,24,3,72,34.53794378626885,62.28487654423864,0.24456745350449552,0.962683516617764
hourly_72_extension,horaria,validacao_2023,TimesNet,semente,42.0,BYD Camacari,lead_exato,24,3,3,0.0,0.0,,
hourly_72_extension,horaria,validacao_2023,TimesNet,semente,42.0,BYD Camacari,cumulativo,48,3,144,49.72585951492915,95.7344672939479,0.4012446566347522,0.9059048490476805
hourly_72_extension,horaria,validacao_2023,TimesNet,semente,42.0,BYD Camacari,lead_exato,48,3,3,0.0,0.0,,
hourly_72_extension,horaria,validacao_2023,TimesNet,semente,42.0,BYD Camacari,cumulativo,72,3,216,54.004479334810405,102.2957772592888,0.43533977377833694,0.8892093657627073
hourly_72_extension,horaria,validacao_2023,TimesNet,semente,42.0,BYD Camacari,lead_exato,72,3,3,0.0,0.0,,
hourly_72_extension,horaria,validacao_2023,DilatedRNN,semente,42.0,BYD Camacari,cumulativo,24,3,72,247.49101655843617,400.43516275096835,1.5723465065890285,-0.5424102658590528
hourly_72_extension,horaria,validacao_2023,DilatedRNN,semente,42.0,BYD Camacari,lead_exato,24,3,3,0.0,0.0,,
hourly_72_extension,horaria,validacao_2023,DilatedRNN,semente,42.0,BYD Camacari,cumulativo,48,3,144,221.66884071982025,372.4311004302127,1.5609423986596997,-0.42404093558762557
hourly_72_extension,horaria,validacao_2023,DilatedRNN,semente,42.0,BYD Camacari,lead_exato,48,3,3,0.0,0.0,,
hourly_72_extension,horaria,validacao_2023,DilatedRNN,semente,42.0,BYD Camacari,cumulativo,72,3,216,207.023604021274,351.17145912738556,1.4944791238686503,-0.3056478553926767
hourly_72_extension,horaria,validacao_2023,DilatedRNN,semente,42.0,BYD Camacari,lead_exato,72,3,3,0.0,0.0,,
hourly_72_extension,horaria,teste_2024,Persistencia,deterministica,,BMW San Luis Potosi,cumulativo,24,3,72,57.25694444444444,143.39910070615272,0.7146876579685734,0.7133745607521228
hourly_72_extension,horaria,teste_2024,Persistencia,deterministica,,BMW San Luis Potosi,lead_exato,24,3,3,0.0,0.0,,
hourly_72_extension,horaria,teste_2024,Persistencia,deterministica,,BMW San Luis Potosi,cumulativo,48,3,144,68.125,154.40294956163672,0.8877984641780742,0.6071065327570588
hourly_72_extension,horaria,teste_2024,Persistencia,deterministica,,BMW San Luis Potosi,lead_exato,48,3,3,0.0,0.0,,
hourly_72_extension,horaria,teste_2024,Persistencia,deterministica,,BMW San Luis Potosi,cumulativo,72,3,216,54.870370370370374,131.80868747010794,0.6696619191707237,0.7648087179749413
hourly_72_extension,horaria,teste_2024,Persistencia,deterministica,,BMW San Luis Potosi,lead_exato,72,3,3,0.0,0.0,,
hourly_72_extension,horaria,teste_2024,Sazonal ingenuo,deterministica,,BMW San Luis Potosi,cumulativo,24,3,72,45.90277777777778,117.69974157434105,0.586604464289105,0.8069041694370866
hourly_72_extension,horaria,teste_2024,Sazonal ingenuo,deterministica,,BMW San Luis Potosi,lead_exato,24,3,3,0.0,0.0,,
hourly_72_extension,horaria,teste_2024,Sazonal ingenuo,deterministica,,BMW San Luis Potosi,cumulativo,48,3,144,63.614583333333336,129.3853055476806,0.7439500079406647,0.7241115403476988
hourly_72_extension,horaria,teste_2024,Sazonal ingenuo,deterministica,,BMW San Luis Potosi,lead_exato,48,3,3,0.0,0.0,,
hourly_72_extension,horaria,teste_2024,Sazonal ingenuo,deterministica,,BMW San Luis Potosi,cumulativo,72,3,216,55.52546296296296,121.4601129086326,0.6170853672413181,0.8002896790461287
hourly_72_extension,horaria,teste_2024,Sazonal ingenuo,deterministica,,BMW San Luis Potosi,lead_exato,72,3,3,0.0,0.0,,
hourly_72_extension,horaria,teste_2024,XGBoost,semente,42.0,BMW San Luis Potosi,cumulativo,24,3,72,59.209296957770775,128.60336915478675,0.640947120696684,0.7694704669702549
hourly_72_extension,horaria,teste_2024,XGBoost,semente,42.0,BMW San Luis Potosi,lead_exato,24,3,3,0.0,0.0,,
hourly_72_extension,horaria,teste_2024,XGBoost,semente,42.0,BMW San Luis Potosi,cumulativo,48,3,144,72.69655699695512,141.79199857792045,0.8152870066770702,0.6686651856638106
hourly_72_extension,horaria,teste_2024,XGBoost,semente,42.0,BMW San Luis Potosi,lead_exato,48,3,3,0.0,0.0,,
hourly_72_extension,horaria,teste_2024,XGBoost,semente,42.0,BMW San Luis Potosi,cumulativo,72,3,216,63.99530806194094,124.07827382966451,0.6303870903729868,0.79158708184058
hourly_72_extension,horaria,teste_2024,XGBoost,semente,42.0,BMW San Luis Potosi,lead_exato,72,3,3,0.0,0.0,,
hourly_72_extension,horaria,teste_2024,LSTM,semente,42.0,BMW San Luis Potosi,cumulativo,24,3,72,49.35117338702548,121.21979961734084,0.604148103170217,0.7951815848669045
hourly_72_extension,horaria,teste_2024,LSTM,semente,42.0,BMW San Luis Potosi,lead_exato,24,3,3,0.0,0.0,,
hourly_72_extension,horaria,teste_2024,LSTM,semente,42.0,BMW San Luis Potosi,cumulativo,48,3,144,69.14153730102892,147.96292951664776,0.8507691203640504,0.6391975602824553
hourly_72_extension,horaria,teste_2024,LSTM,semente,42.0,BMW San Luis Potosi,lead_exato,48,3,3,0.0,0.0,,
hourly_72_extension,horaria,teste_2024,LSTM,semente,42.0,BMW San Luis Potosi,cumulativo,72,3,216,55.31732905581507,124.91069182915446,0.6346162398000086,0.7887812947536341
hourly_72_extension,horaria,teste_2024,LSTM,semente,42.0,BMW San Luis Potosi,lead_exato,72,3,3,0.0,0.0,,
hourly_72_extension,horaria,teste_2024,TimesNet,semente,42.0,BMW San Luis Potosi,cumulativo,24,3,72,64.60529968437429,141.10651558773966,0.7032616289286163,0.7224661161793513
hourly_72_extension,horaria,teste_2024,TimesNet,semente,42.0,BMW San Luis Potosi,lead_exato,24,3,3,0.0,0.0,,
hourly_72_extension,horaria,teste_2024,TimesNet,semente,42.0,BMW San Luis Potosi,cumulativo,48,3,144,77.13270514714532,147.6203426622756,0.8487992869896057,0.6408663982424756
hourly_72_extension,horaria,teste_2024,TimesNet,semente,42.0,BMW San Luis Potosi,lead_exato,48,3,3,0.0,0.0,,
hourly_72_extension,horaria,teste_2024,TimesNet,semente,42.0,BMW San Luis Potosi,cumulativo,72,3,216,65.74941344429843,127.51275395775227,0.6478361720539689,0.7798896827925395
hourly_72_extension,horaria,teste_2024,TimesNet,semente,42.0,BMW San Luis Potosi,lead_exato,72,3,3,0.0,0.0,,
hourly_72_extension,horaria,teste_2024,DilatedRNN,semente,42.0,BMW San Luis Potosi,cumulativo,24,3,72,182.9923730859947,316.53742484640566,1.5775928141031534,-0.3965999029592675
hourly_72_extension,horaria,teste_2024,DilatedRNN,semente,42.0,BMW San Luis Potosi,lead_exato,24,3,3,0.0,0.0,,
hourly_72_extension,horaria,teste_2024,DilatedRNN,semente,42.0,BMW San Luis Potosi,cumulativo,48,3,144,149.95895891067468,275.73989233585644,1.5854713502780438,-0.25303391604988223
hourly_72_extension,horaria,teste_2024,DilatedRNN,semente,42.0,BMW San Luis Potosi,lead_exato,48,3,3,0.0,0.0,,
hourly_72_extension,horaria,teste_2024,DilatedRNN,semente,42.0,BMW San Luis Potosi,cumulativo,72,3,216,158.66562788638598,292.580430129987,1.486472372293948,-0.15884058502563492
hourly_72_extension,horaria,teste_2024,DilatedRNN,semente,42.0,BMW San Luis Potosi,lead_exato,72,3,3,0.0,0.0,,
hourly_72_extension,horaria,teste_2024,Persistencia,deterministica,,BYD Camacari,cumulativo,24,3,72,22.03472222222222,52.38588788977428,0.1787999017806944,0.9789210543563749
hourly_72_extension,horaria,teste_2024,Persistencia,deterministica,,BYD Camacari,lead_exato,24,3,3,0.0,0.0,,
hourly_72_extension,horaria,teste_2024,Persistencia,deterministica,,BYD Camacari,cumulativo,48,3,144,36.47222222222222,81.77310241013103,0.29448623886007275,0.9445792889306959
hourly_72_extension,horaria,teste_2024,Persistencia,deterministica,,BYD Camacari,lead_exato,48,3,3,0.0,0.0,,
hourly_72_extension,horaria,teste_2024,Persistencia,deterministica,,BYD Camacari,cumulativo,72,3,216,30.83101851851852,72.10926797421936,0.25700616926987296,0.9573442664018678
hourly_72_extension,horaria,teste_2024,Persistencia,deterministica,,BYD Camacari,lead_exato,72,3,3,0.0,0.0,,
hourly_72_extension,horaria,teste_2024,Sazonal ingenuo,deterministica,,BYD Camacari,cumulativo,24,3,72,48.486111111111114,91.61638772621413,0.31269873980978513,0.9355286752427906
hourly_72_extension,horaria,teste_2024,Sazonal ingenuo,deterministica,,BYD Camacari,lead_exato,24,3,3,0.0,0.0,,
hourly_72_extension,horaria,teste_2024,Sazonal ingenuo,deterministica,,BYD Camacari,cumulativo,48,3,144,59.47222222222222,113.68346650043512,0.4094037707213189,0.8928861178904625
hourly_72_extension,horaria,teste_2024,Sazonal ingenuo,deterministica,,BYD Camacari,lead_exato,48,3,3,0.0,0.0,,
hourly_72_extension,horaria,teste_2024,Sazonal ingenuo,deterministica,,BYD Camacari,cumulativo,72,3,216,68.81481481481481,140.921438581402,0.502261083980972,0.8370893870245266
hourly_72_extension,horaria,teste_2024,Sazonal ingenuo,deterministica,,BYD Camacari,lead_exato,72,3,3,0.0,0.0,,
hourly_72_extension,horaria,teste_2024,XGBoost,semente,42.0,BYD Camacari,cumulativo,24,3,72,44.55560455347101,73.82350198753707,0.25196928860406115,0.9581390045321806
hourly_72_extension,horaria,teste_2024,XGBoost,semente,42.0,BYD Camacari,lead_exato,24,3,3,0.0,0.0,,
hourly_72_extension,horaria,teste_2024,XGBoost,semente,42.0,BYD Camacari,cumulativo,48,3,144,48.00784084931042,82.15295561537917,0.2958541891815786,0.9440632114192482
hourly_72_extension,horaria,teste_2024,XGBoost,semente,42.0,BYD Camacari,lead_exato,48,3,3,0.0,0.0,,
hourly_72_extension,horaria,teste_2024,XGBoost,semente,42.0,BYD Camacari,cumulativo,72,3,216,46.69104161965488,79.58013143476249,0.28363323196338025,0.9480477278880315
hourly_72_extension,horaria,teste_2024,XGBoost,semente,42.0,BYD Camacari,lead_exato,72,3,3,0.0,0.0,,
hourly_72_extension,horaria,teste_2024,LSTM,semente,42.0,BYD Camacari,cumulativo,24,3,72,33.278001269998235,56.53598490899519,0.19296472687592575,0.9754489432409391
hourly_72_extension,horaria,teste_2024,LSTM,semente,42.0,BYD Camacari,lead_exato,24,3,3,0.0,0.0,,
hourly_72_extension,horaria,teste_2024,LSTM,semente,42.0,BYD Camacari,cumulativo,48,3,144,38.14309625715638,67.83197772028842,0.2442806180093416,0.9618653202907463
hourly_72_extension,horaria,teste_2024,LSTM,semente,42.0,BYD Camacari,lead_exato,48,3,3,0.0,0.0,,
hourly_72_extension,horaria,teste_2024,LSTM,semente,42.0,BYD Camacari,cumulativo,72,3,216,34.08430442761164,61.282002534899156,0.21841648319480922,0.9691921679011191
hourly_72_extension,horaria,teste_2024,LSTM,semente,42.0,BYD Camacari,lead_exato,72,3,3,0.0,0.0,,
hourly_72_extension,horaria,teste_2024,TimesNet,semente,42.0,BYD Camacari,cumulativo,24,3,72,47.41062009189692,73.81326026245334,0.2519343322539294,0.9581506186945122
hourly_72_extension,horaria,teste_2024,TimesNet,semente,42.0,BYD Camacari,lead_exato,24,3,3,0.0,0.0,,
hourly_72_extension,horaria,teste_2024,TimesNet,semente,42.0,BYD Camacari,cumulativo,48,3,144,51.81444871151406,84.32880248546627,0.3036899804408329,0.9410609664545005
hourly_72_extension,horaria,teste_2024,TimesNet,semente,42.0,BYD Camacari,lead_exato,48,3,3,0.0,0.0,,
hourly_72_extension,horaria,teste_2024,TimesNet,semente,42.0,BYD Camacari,cumulativo,72,3,216,50.27274928116067,82.34963184008258,0.29350406701633286,0.944368782374338
hourly_72_extension,horaria,teste_2024,TimesNet,semente,42.0,BYD Camacari,lead_exato,72,3,3,0.0,0.0,,
hourly_72_extension,horaria,teste_2024,DilatedRNN,semente,42.0,BYD Camacari,cumulativo,24,3,72,285.86328856527365,454.21793786783303,1.5503053579750643,-0.584706459329867
hourly_72_extension,horaria,teste_2024,DilatedRNN,semente,42.0,BYD Camacari,lead_exato,24,3,3,0.0,0.0,,
hourly_72_extension,horaria,teste_2024,DilatedRNN,semente,42.0,BYD Camacari,cumulativo,48,3,144,260.3760254686899,422.5997744729881,1.521891850250345,-0.4801634156658545
hourly_72_extension,horaria,teste_2024,DilatedRNN,semente,42.0,BYD Camacari,lead_exato,48,3,3,0.0,0.0,,
hourly_72_extension,horaria,teste_2024,DilatedRNN,semente,42.0,BYD Camacari,cumulativo,72,3,216,252.29184451086783,409.3054977955648,1.4588143938327833,-0.3743280106287157
hourly_72_extension,horaria,teste_2024,DilatedRNN,semente,42.0,BYD Camacari,lead_exato,72,3,3,0.0,0.0,,
