data,ghi_real,ghi_real_normalizado,ghi_real_wm2,ghi_previsto_dilatedrnn_normalizado,ghi_previsto_dilatedrnn_wm2,ghi_previsto_deepar_exp_normalizado,ghi_previsto_deepar_exp_wm2,ghi_previsto_deepnpts_aprox_normalizado,ghi_previsto_deepnpts_aprox_wm2
2023-10-26,0.2047244094488189,0.2047244094488189,79.16666666666667,0.2233233,86.2789162825793,0.2593267,99.63767630855241,0.20104167,78.01150247330466
2023-10-27,0.3937007874015748,0.3937007874015748,148.33333333333334,0.288258,110.3723903360466,0.24529436,94.43109568084279,0.30004686,114.7465541139245
2023-10-28,0.23622047244094488,0.23622047244094488,91.83333333333331,0.29896784,114.34619166453679,0.2576238,99.00582771003246,0.2603657,100.0231879937152
2023-10-29,0.05511811023622047,0.05511811023622047,24.791666666666668,0.2456959,94.58008434188862,0.31369397,119.81020028268297,0.2590683,99.54180428634086
2023-10-30,0.2047244094488189,0.2047244094488189,79.625,0.21743543,84.09427266133328,0.2713356,104.09348058700562,0.25894675,99.49669909849763
2023-10-31,0.18110236220472442,0.18110236220472442,72.04166666666667,0.22757162,87.85522040786842,0.23873955,91.99898724009593,0.24635962,94.8263493788739
2023-11-01,0.33070866141732286,0.33070866141732286,125.54166666666669,0.19038646,74.05797581064203,0.1769783,69.08299191109836,0.1751186,68.392962154001
2023-11-02,0.2125984251968504,0.2125984251968504,82.54166666666667,0.26147893,100.43624491617084,0.2500226,96.18546522408724,0.26477873,101.66060915092626
2023-11-03,0.2047244094488189,0.2047244094488189,79.0,0.22188742,85.74614649824798,0.27895302,106.91985857238372,0.20864914,80.83419264790912
2023-11-04,0.11811023622047244,0.11811023622047244,46.708333333333336,0.2165563,83.76807556984325,0.2548181,97.96480351313949,0.26510015,101.77986863876382
2023-11-05,0.25196850393700787,0.25196850393700787,97.45833333333331,0.1816421,70.81345426725845,0.18677102,72.7164973213027,0.1437026,56.736317548900836
2023-11-06,0.1732283464566929,0.1732283464566929,66.95833333333333,0.22492331,86.87258746971686,0.21656299,83.77055806914964,0.28082454,107.614272788167
2023-11-07,0.14173228346456693,0.14173228346456693,54.91666666666666,0.17820358,69.53762102127075,0.20596305,79.83753828828533,0.20784822,80.53701702381173
2023-11-08,0.015748031496062992,0.015748031496062992,7.833333333333333,0.17540202,68.49812281504273,0.2293832,88.52739165102442,0.256132,98.45231329898039
2023-11-09,0.33858267716535434,0.33858267716535434,128.16666666666666,0.1339701,53.12515463245411,0.16345,64.06342807412148,0.13983455,55.30111227060357
2023-11-10,0.2440944881889764,0.2440944881889764,93.125,0.24719,95.13445574045181,0.1940868,75.43095826668043,0.20497173,79.46971924851337
2023-11-11,0.2992125984251969,0.2992125984251969,114.91666666666669,0.18877731,73.46091537612179,0.20192832,78.34048615644375,0.18687484,72.75501752768953
2023-11-12,0.2992125984251969,0.2992125984251969,115.16666666666669,0.24423759,94.03898795632024,0.27942616,107.09541384627421,0.23441865,90.39575159115095
2023-11-13,0.33858267716535434,0.33858267716535434,130.29166666666666,0.22975352,88.66479715829094,0.26161438,100.48650308698416,0.29552382,113.06831823537746
2023-11-14,0.33858267716535434,0.33858267716535434,129.41666666666666,0.27119792,104.0423930734396,0.2805048,107.49563254291812,0.28998762,111.0141578738888
2023-11-15,0.2992125984251969,0.2992125984251969,114.83333333333331,0.28853744,110.47608029594024,0.2743683,105.2187328338623,0.28353035,108.61824195086956
2023-11-16,0.25984251968503935,0.25984251968503935,98.5,0.2642467,101.4632034599781,0.33102593,126.24107879772781,0.18971094,73.80733184392253
2023-11-17,0.03937007874015748,0.03937007874015748,17.708333333333332,0.2578959,99.10678636779387,0.29978558,114.64960947508612,0.26226383,100.72747691720724
2023-11-18,0.3228346456692913,0.3228346456692913,122.875,0.19104503,74.30233335929611,0.24242203,93.36534048306444,0.21238898,82.22182682591179
2023-11-19,0.31496062992125984,0.31496062992125984,121.5,0.29454553,112.70533149937788,0.24821669,95.51540051152308,0.26738307,102.62692615265647
2023-11-20,0.11811023622047244,0.11811023622047244,48.458333333333336,0.24665807,94.93708875216544,0.26613137,102.16249421114722,0.30263042,115.70516375700632
2023-11-21,0.015748031496062992,0.015748031496062992,8.875,0.2063033,79.96378637105227,0.27744856,106.36164455239971,0.1635138,64.0870975162834
2023-11-22,0.08661417322834646,0.08661417322834646,36.41666666666666,0.16253886,63.725354794412844,0.2032657,78.83670957013965,0.26859814,103.07776793092489
2023-11-23,0.2283464566929134,0.2283464566929134,86.91666666666667,0.15677594,61.587071433042475,0.15334888,60.31548995090027,0.12638815,50.31193555208543
2023-11-24,0.2992125984251969,0.2992125984251969,113.45833333333331,0.18763794,73.03816067241132,0.14401364,56.85172888636588,0.14588527,57.546181804810956
2023-11-25,0.2125984251968504,0.2125984251968504,81.45833333333333,0.2041858,79.17810574981073,0.23670357,91.24355551352103,0.24683033,95.0010034336398
2023-11-26,0.031496062992125984,0.031496062992125984,15.708333333333334,0.1840575,71.70966969057918,0.25806674,99.17018132780989,0.19213034,74.70502902629474
2023-11-27,0.03937007874015748,0.03937007874015748,19.25,0.14825624,58.425909894208104,0.18657456,72.64360362229247,0.16964622,66.36248229257762
2023-11-28,0.2755905511811024,0.2755905511811024,105.95833333333331,0.152544,60.016849154606454,0.13039643,51.79917379468679,0.11653017,46.65421609797825
2023-11-29,0.2204724409448819,0.2204724409448819,86.125,0.20693246,80.19722976908088,0.15215935,59.87412479581931,0.15405034,60.575759822502725
2023-11-30,0.2283464566929134,0.2283464566929134,88.5,0.17709789,69.12736174836755,0.20542279,79.63708061600724,0.20250307,78.55374335187176
2023-12-01,0.015748031496062992,0.015748031496062992,9.958333333333334,0.19579983,76.06656102339426,0.25171518,96.81348778804143,0.25209874,96.9558030044039
2023-12-02,0.031496062992125984,0.031496062992125984,14.333333333333334,0.1380129,54.625203456108764,0.18450922,71.87727433194716,0.18878756,73.46471929488082
2023-12-03,0.015748031496062992,0.015748031496062992,9.541666666666666,0.14929773,58.81234491430222,0.1292823,51.38578513513008,0.10974022,44.13486079964786
2023-12-04,0.05511811023622047,0.05511811023622047,22.75,0.122494824,48.86735040725519,0.106866814,43.06870751734822,0.09794891,39.75979303816953
2023-12-05,0.05511811023622047,0.05511811023622047,25.0,0.13380301,53.06315849721431,0.12943643,51.44297661135593,0.10821661,43.56953931227326
2023-12-06,0.12598425196850394,0.12598425196850394,49.958333333333336,0.12064108,48.17953499530752,0.12384407,49.367977630967886,0.103265025,41.73229354775199
2023-12-07,0.2125984251968504,0.2125984251968504,83.33333333333333,0.13220707,52.47099671388665,0.13864435,54.85949831269681,0.10998805,44.22681555959085
2023-12-08,0.11023622047244094,0.11023622047244094,45.54166666666666,0.15687998,61.62567457370459,0.1387621,54.903188088908784,0.13575704,53.788186518475406
2023-12-09,0.06299212598425197,0.06299212598425197,26.791666666666668,0.13759059,54.468507436414555,0.15066195,59.31852596998214,0.097871736,39.73115859739482
2023-12-10,0.05511811023622047,0.05511811023622047,23.041666666666668,0.13783288,54.5584081908067,0.13874339,54.89624372559288,0.10695378,43.100974479379744
2023-12-11,0.06299212598425197,0.06299212598425197,27.416666666666668,0.12725729,50.634422716995076,0.12144496,48.47780811631431,0.089323364,36.55935659104337
2023-12-12,0.25196850393700787,0.25196850393700787,98.29166666666669,0.124601156,49.64888707920908,0.11621298,46.53652406794329,0.094776005,38.582513355960444
2023-12-13,0.2047244094488189,0.2047244094488189,80.41666666666667,0.17234346,67.36327230806151,0.15019944,59.14691836759447,0.13430507,53.24944546632468
2023-12-14,0.1968503937007874,0.1968503937007874,75.16666666666667,0.15115687,59.50216457123557,0.18633229,72.55370839685202,0.18562193,72.29013774109383
2023-12-15,0.23622047244094488,0.23622047244094488,92.08333333333331,0.16963282,66.35751176501313,0.19540909,75.92158085231979,0.15220362,59.890551311274365
2023-12-16,0.09448818897637795,0.09448818897637795,38.333333333333336,0.18237412,71.08506401876609,0.1882862,73.27869218649963,0.16142018,63.31027980459232
2023-12-17,0.015748031496062992,0.015748031496062992,8.0,0.14237979,56.24550144995251,0.16864194,65.98985306484003,0.08903199,36.45124346980204
2023-12-18,0.047244094488188976,0.047244094488188976,21.791666666666668,0.13342372,52.92242456103364,0.1402652,55.46089897428949,0.09409612,38.33024664192149
2023-12-19,0.2047244094488189,0.2047244094488189,79.0,0.12517746,49.8627192856123,0.13175295,52.30250191129743,0.11102091,44.61004931665956
2023-12-20,0.2125984251968504,0.2125984251968504,81.91666666666667,0.14961517,58.93012817203998,0.14181316,56.03525753319263,0.098869935,40.10153201284507
2023-12-21,0.14173228346456693,0.14173228346456693,55.125,0.14588882,57.5474976953119,0.17261502,67.46403192356229,0.1362797,53.98211449881394
2023-12-22,0.015748031496062992,0.015748031496062992,9.791666666666666,0.14104529,55.75034512393176,0.19355963,75.23535501398146,0.12964028,51.51861267040172
2023-12-23,0.03937007874015748,0.03937007874015748,19.166666666666668,0.11741471,46.98241743445396,0.14182155,56.03837033299108,0.088850364,36.38385384219388
2023-12-24,0.031496062992125984,0.031496062992125984,15.708333333333334,0.12356992,49.266255977873996,0.1125526,45.17837026032308,0.09834253,39.90584306139498
2023-12-25,0.14960629921259844,0.14960629921259844,60.29166666666666,0.11009041,44.264796693188444,0.10401951,42.01223819392422,0.10151367,41.08246756282945
2023-12-26,0.05511811023622047,0.05511811023622047,24.08333333333333,0.13204056,52.409216207762555,0.13082717,51.9589992010345,0.11066453,44.47781890816986
2023-12-27,0.047244094488188976,0.047244094488188976,20.666666666666668,0.11653923,46.6575777006025,0.13218814,52.463974945247166,0.093029134,37.93435158549497
2023-12-28,0.015748031496062992,0.015748031496062992,9.791666666666666,0.112096444,45.009117991353065,0.12479338,49.72021055594086,0.086118944,35.37038317602127
2023-12-29,0.023622047244094488,0.023622047244094488,12.208333333333334,0.101664126,41.138293387989194,0.101584695,41.108821311034255,0.09411908,38.338766756467514
2023-12-30,0.047244094488188976,0.047244094488188976,20.791666666666668,0.10232037,41.38178842018047,0.09996222,40.5068152292321,0.10042491,40.67849194351583
2023-12-31,0.015748031496062992,0.015748031496062992,9.208333333333334,0.10403649,42.018538434368864,0.09920008,40.22402870189398,0.101586066,41.109329974589244
2024-01-01,0.03937007874015748,0.03937007874015748,19.33333333333333,0.09842872,39.937822517938905,0.10674952,43.02518637416263,0.10461075,42.231613174391285
2024-01-02,0.09448818897637795,0.09448818897637795,38.66666666666666,0.10132749,41.01338607600579,0.1010995,40.92879311523089,0.10125991,40.98831228011598
2024-01-03,0.031496062992125984,0.031496062992125984,14.458333333333334,0.10988486,44.18852756917476,0.105308995,42.4906915569057,0.10015517,40.57840686012059
2024-01-04,0.2047244094488189,0.2047244094488189,78.20833333333333,0.10068602,40.77537576388567,0.10453579,42.20379978294173,0.09046812,36.98411001078784
2024-01-05,0.08661417322834646,0.08661417322834646,34.291666666666664,0.14761184,58.18681037860611,0.12281275,48.98531335592269,0.11538711,46.23009297872582
2024-01-06,0.05511811023622047,0.05511811023622047,22.416666666666668,0.11486959,46.038069722242646,0.124443926,49.590548345508665,0.08028608,33.206146915443234
2024-01-07,0.11023622047244094,0.11023622047244094,45.41666666666666,0.12121665,48.39309351860234,0.12401012,49.4295895040656,0.08683883,35.637489596381776
2024-01-08,0.12598425196850394,0.12598425196850394,50.833333333333336,0.124297954,49.536386734805994,0.11703936,46.84314590599387,0.09444658,38.4602820565924
2024-01-09,0.015748031496062992,0.015748031496062992,8.583333333333334,0.12193111,48.65819016502549,0.12646662,50.34105101165672,0.09689032,39.367013546017304
2024-01-10,0.07874015748031496,0.07874015748031496,31.5,0.10708373,43.149192467021436,0.11668321,46.71099843177944,0.08439139,34.72938969141493
2024-01-11,0.05511811023622047,0.05511811023622047,24.08333333333333,0.11843861,47.362325527084366,0.12737899,50.67957766540348,0.11188726,44.93150256760418
2024-01-12,0.047244094488188976,0.047244094488188976,19.83333333333333,0.10447491,42.18121125083416,0.10943383,44.02117725958426,0.099115774,40.192748657738164
2024-01-13,0.09448818897637795,0.09448818897637795,39.458333333333336,0.106143095,42.800177391928926,0.109490186,44.042087754855544,0.0950094,38.669113326196864
2024-01-14,0.25196850393700787,0.25196850393700787,97.0,0.112286486,45.079631476663046,0.114934154,46.06202666989216,0.09992307,40.49228790868073
2024-01-15,0.1732283464566929,0.1732283464566929,67.66666666666667,0.1474691,58.133848550419,0.14218977,56.17499625807007,0.13100009,52.02315715638299
2024-01-16,0.23622047244094488,0.23622047244094488,90.04166666666667,0.13459493,53.35699463449418,0.14999534,59.07118831637004,0.11058965,44.45003592595457
2024-01-17,0.2283464566929134,0.2283464566929134,87.58333333333333,0.17379336,67.90124483592808,0.1846129,71.91574477776885,0.13440013,53.28471464912096
2024-01-18,0.13385826771653545,0.13385826771653545,51.75,0.16296647,63.88401912090678,0.1809279,70.54845714196563,0.15813427,62.091068552806966
2024-01-19,0.09448818897637795,0.09448818897637795,37.5,0.14894176,58.680263787508004,0.1745637,68.1870750511686,0.094974525,38.65617281477898
2024-01-20,0.14173228346456693,0.14173228346456693,56.875,0.1419621,56.090519405280546,0.15733257,61.793605423221976,0.08862174,36.29902590097238
2024-01-21,0.16535433070866143,0.16535433070866143,65.95833333333333,0.13972236,55.259484793369964,0.16283655,63.83581219116846,0.1464245,57.7462579794228
2024-01-22,0.08661417322834646,0.08661417322834646,34.166666666666664,0.13962665,55.22397233669956,0.15774627,61.947105708842464,0.10721553,43.19809604467203
2024-01-23,0.047244094488188976,0.047244094488188976,21.416666666666668,0.12500215,49.79767116904258,0.16298166,63.88965312267342,0.12603508,50.180932570869714
2024-01-24,0.03937007874015748,0.03937007874015748,18.08333333333333,0.11626155,46.554545685959354,0.14449899,57.031812371686094,0.118013375,47.204545832859964
2024-01-25,0.08661417322834646,0.08661417322834646,36.0,0.10870645,43.751289776526384,0.116789885,46.75058019688973,0.096172765,39.1007696421196
2024-01-26,0.10236220472440945,0.10236220472440945,40.458333333333336,0.116129935,46.50571122020482,0.11367382,45.594390700881675,0.10126478,40.99012024731685
2024-01-27,0.12598425196850394,0.12598425196850394,49.25,0.11469678,45.973950469555945,0.12284489,48.99723930470645,0.09751118,39.59737731795757
2024-01-28,0.047244094488188976,0.047244094488188976,21.125,0.12072828,48.211887656090155,0.13684721,54.192684623723224,0.09277991,37.84187986856947
2024-01-29,0.05511811023622047,0.05511811023622047,25.041666666666668,0.108277485,43.59212507990499,0.12265837,48.92803341646989,0.08546507,35.127770011623696
2024-01-30,0.06299212598425197,0.06299212598425197,28.25,0.11469065,45.97167530593772,0.11476177,45.99806499232848,0.09022631,36.8943861828496
2024-01-31,0.11023622047244094,0.11023622047244094,44.41666666666666,0.111253224,44.696248437898845,0.108504064,43.67619555474569,0.09531388,38.78208639596899
2024-02-01,0.14173228346456693,0.14173228346456693,55.79166666666666,0.120354936,48.073362536107496,0.118655555,47.44282153466095,0.09727209,39.508665288177625
2024-02-02,0.25984251968503935,0.25984251968503935,98.95833333333331,0.12564409,50.03585840761661,0.13081238,51.95350895201166,0.090389356,36.95488397218286
2024-02-03,0.18110236220472442,0.18110236220472442,71.16666666666667,0.16226786,63.62480527907609,0.16640507,65.1598800116529,0.1616345,63.38980271667241
2024-02-04,0.3858267716535433,0.3858267716535433,145.29166666666666,0.14531322,57.33392534963786,0.16941676,66.27734196558595,0.10117443,40.95659544877707
2024-02-05,0.1889763779527559,0.1889763779527559,73.5,0.2548221,97.96628527219096,0.21995562,85.02936767290035,0.29216617,111.82249061018229
2024-02-06,0.36220472440944884,0.36220472440944884,138.25,0.17162485,67.09663861307004,0.2118097,82.00688882917166,0.21964985,84.91591358433166
2024-02-07,0.28346456692913385,0.28346456692913385,109.08333333333331,0.28019777,107.38171402240792,0.25938973,99.66106377417842,0.29905137,114.37718696768084
2024-02-08,0.29133858267716534,0.29133858267716534,112.58333333333331,0.20622294,79.93396873461703,0.24845621,95.60427288090189,0.29734123,113.74265129864216
2024-02-09,0.25196850393700787,0.25196850393700787,97.20833333333331,0.245057,94.34302500945826,0.2908213,111.32349166274071,0.20853755,80.79278632874289
2024-02-10,0.3700787401574803,0.3700787401574803,139.375,0.21992034,85.01627511531115,0.2583749,99.28452004864812,0.25677603,98.69127459079027
2024-02-11,0.29133858267716534,0.29133858267716534,112.91666666666669,0.2656301,101.97650027647614,0.3118627,119.13072529435158,0.1929146,74.99602328240871
2024-02-12,0.3858267716535433,0.3858267716535433,146.66666666666666,0.23250112,89.6842695015172,0.2816109,107.9060466264685,0.27907923,106.96668879315257
2024-02-13,0.09448818897637795,0.09448818897637795,39.04166666666666,0.28363654,108.65764126057425,0.34059155,129.79032298425832,0.18937846,73.6839643449833
2024-02-14,0.4330708661417323,0.4330708661417323,165.04166666666666,0.21125694,81.80179236643016,0.26824352,102.94618993873397,0.18676971,72.71601077355444
2024-02-15,0.05511811023622047,0.05511811023622047,24.0,0.34782743,132.47513769070306,0.3017388,115.37433340400457,0.3214753,122.69739673659204
2024-02-16,0.16535433070866143,0.16535433070866143,64.125,0.20501031,79.48403370442489,0.22570038,87.16091124216715,0.16716272,65.44099956005812
2024-02-17,0.2440944881889764,0.2440944881889764,94.375,0.24095409,92.8206723947078,0.25455692,97.86789204801121,0.35574317,135.41220528880754
2024-02-18,0.16535433070866143,0.16535433070866143,65.375,0.19032721,74.03599269874394,0.20414944,79.16461510770023,0.22899394,88.38295884616673
2024-02-19,0.4015748031496063,0.4015748031496063,153.70833333333334,0.18955174,73.7482605241239,0.23665407,91.22518833602467,0.20402169,79.11721540490785
2024-02-20,0.4645669291338583,0.4645669291338583,176.5,0.29708326,113.64693408707777,0.24100874,92.84095258948703,0.30613947,117.00716553131738
2024-02-21,0.33858267716535434,0.33858267716535434,128.125,0.29266402,112.0072128859659,0.34407592,131.08316881457964,0.2887069,110.53895553449789
2024-02-22,0.12598425196850394,0.12598425196850394,51.208333333333336,0.26234174,100.7563822766145,0.32181162,122.82218517611423,0.25076967,96.46266474574804
2024-02-23,0.4094488188976378,0.4094488188976378,154.20833333333334,0.24955489,96.01192801756163,0.28735712,110.03813203300038,0.24138735,92.98143219389021
2024-02-24,0.48031496062992124,0.48031496062992124,182.95833333333331,0.35434246,134.89248383045194,0.29454747,112.70605026309688,0.34055185,129.77559385697046
2024-02-25,0.4330708661417323,0.4330708661417323,164.0,0.34672776,132.06711211428043,0.3174666,121.20999815439184,0.40489247,153.64864519362646
2024-02-26,0.3858267716535433,0.3858267716535433,146.625,0.2988552,114.30439278980096,0.42332757,160.48883200188476,0.23681407,91.28455269026259
2024-02-27,0.4094488188976378,0.4094488188976378,154.29166666666666,0.3048575,116.53149875998497,0.4306777,163.21604270984727,0.24966246,96.051841519773
2024-02-28,0.18110236220472442,0.18110236220472442,70.58333333333333,0.3143422,120.05072073886791,0.3988228,151.3965483618279,0.2078476,80.53678480784097
2024-02-29,0.5275590551181102,0.5275590551181102,199.5,0.28075787,107.58953625832994,0.3135944,119.77325582752624,0.2459601,94.67811265525718
2024-03-01,0.3543307086614173,0.3543307086614173,134.875,0.4222419,160.0860036400457,0.3979683,151.07948509852088,0.35083905,133.59257199987766
2024-03-02,0.2755905511811024,0.2755905511811024,106.70833333333331,0.38489673,146.2293891596297,0.3981303,151.13959586123622,0.36779413,139.88361226891476
2024-03-03,0.3779527559055118,0.3779527559055118,144.16666666666666,0.32370305,123.52398607134818,0.40753475,154.62903890634573,0.2632121,101.07932834451397
2024-03-04,0.4330708661417323,0.4330708661417323,165.04166666666666,0.3443381,131.18044519051907,0.36818126,140.02725443368155,0.20508313,79.5110536913077
2024-03-05,0.2125984251968504,0.2125984251968504,81.625,0.34447777,131.23227358361083,0.38983506,148.0617169216275,0.2254069,87.05201853873828
2024-03-06,0.1889763779527559,0.1889763779527559,72.79166666666667,0.28967032,110.89642437671621,0.33706275,128.48098982001343,0.25821695,99.225913160791
2024-03-07,0.3779527559055118,0.3779527559055118,142.625,0.30225554,115.5660663905243,0.35397506,134.75616199771562,0.37141207,141.22601962213713
2024-03-08,0.07874015748031496,0.07874015748031496,33.208333333333336,0.32558313,124.22157390539844,0.30968413,118.32238150015473,0.25797862,99.13748310754696
2024-03-09,0.16535433070866143,0.16535433070866143,63.875,0.21359889,82.67075558689733,0.26338306,101.14275647824009,0.1741177,68.02158799829583
2024-03-10,0.28346456692913385,0.28346456692913385,108.5,0.25758088,98.98990432918072,0.27129683,104.0790942547222,0.30146945,115.27439207335313
2024-03-11,0.5905511811023622,0.5905511811023622,223.5,0.26811963,102.90022223442793,0.2580683,99.17075633878508,0.22821157,88.09266676691671
2024-03-12,0.4881889763779528,0.4881889763779528,183.375,0.40907675,155.201185884575,0.3314929,126.41434508562087,0.4153326,157.5223614387214
2024-03-13,0.5748031496062992,0.5748031496062992,216.83333333333331,0.3380706,128.85494599615532,0.39975744,151.7433352693915,0.4583743,173.4926278007527
2024-03-14,0.08661417322834646,0.08661417322834646,36.41666666666666,0.34761134,132.3949568333725,0.48440725,183.15193860977885,0.4471894,169.3425634925564
2024-03-15,0.5905511811023622,0.5905511811023622,223.08333333333331,0.31769216,121.29369542499383,0.34877083,132.82517562185723,0.2851595,109.22272223855057
2024-03-16,0.4566929133858268,0.4566929133858268,172.08333333333334,0.49164423,185.83716245864827,0.39437014,149.7444201931357,0.43243486,163.86801669249928
2024-03-17,0.31496062992125984,0.31496062992125984,121.54166666666669,0.41016716,155.60577245304978,0.39610788,150.38919548069435,0.4192307,158.96872414151824
2024-03-18,0.12598425196850394,0.12598425196850394,51.25,0.36604264,139.2337392879029,0.4843755,183.14016194269058,0.35549307,135.31940736373264
2024-03-19,0.2992125984251969,0.2992125984251969,113.16666666666669,0.32683843,124.68734385321537,0.3737552,142.0954141008357,0.30611733,116.99894950911403
2024-03-20,0.41732283464566927,0.41732283464566927,158.54166666666666,0.3569674,135.8664418434103,0.35012585,133.32794531434772,0.3439385,131.03218082214394
2024-03-21,0.5118110236220472,0.5118110236220472,192.33333333333331,0.36482507,138.78196864575145,0.28820142,110.35140243545175,0.3522395,134.11219393710294
2024-03-22,0.2047244094488189,0.2047244094488189,80.375,0.4057251,153.95758089795706,0.4537268,171.7682141177356,0.33812115,128.8737002002696
2024-03-23,0.5748031496062992,0.5748031496062992,215.29166666666663,0.34637296,131.93546777466932,0.40896523,155.15980721016723,0.28183892,107.99065064514676
2024-03-24,0.5511811023622047,0.5511811023622047,208.66666666666663,0.44069755,166.9338204016288,0.42255476,160.20208950961626,0.37525082,142.6503549814224
2024-03-25,0.4881889763779528,0.4881889763779528,183.125,0.4347707,164.73471304277575,0.40567222,153.93796417737997,0.4906275,185.45991102730233
2024-03-26,0.14960629921259844,0.14960629921259844,58.208333333333336,0.36963642,140.56717868149278,0.4870805,184.14383254200217,0.45093808,170.73348186785972
2024-03-27,0.14173228346456693,0.14173228346456693,56.875,0.36992082,140.6727042533457,0.43101278,163.34036671742794,0.3217297,122.79178699975212
2024-03-28,0.6850393700787402,0.6850393700787402,258.5833333333333,0.33549643,127.89981959263483,0.35358226,134.61041883130866,0.3449628,131.41224096094567
2024-03-29,0.7244094488188977,0.7244094488188977,272.6666666666667,0.5592887,210.93607084701455,0.3478216,132.47297034164268,0.4546527,172.111761059612
2024-03-30,0.11811023622047244,0.11811023622047244,48.25,0.524363,197.97718119372922,0.5141252,194.1785481125116,0.46360788,175.4345062114298
2024-03-31,0.16535433070866143,0.16535433070866143,63.375,0.4106999,155.80344353367883,0.5053249,190.91325982660052,0.3111801,118.87745507558186
2024-04-01,0.6299212598425197,0.6299212598425197,238.125,0.38110363,144.82199450830615,0.39702335,150.7288721563915,0.4992305,188.6519849350055
2024-04-02,0.10236220472440945,0.10236220472440945,42.125,0.5268184,198.88824185232318,0.32366017,123.50807374839981,0.46136248,174.60137059787905
2024-04-03,0.28346456692913385,0.28346456692913385,109.79166666666669,0.30037743,114.86920837809642,0.31912735,121.82621087754765,0.27484414,105.3952943769594
2024-04-04,0.2755905511811024,0.2755905511811024,106.875,0.3897508,148.03045622880256,0.4336551,164.32078254595396,0.3917686,148.77914263432223
2024-04-05,0.36220472440944884,0.36220472440944884,138.95833333333334,0.42769063,162.10770905514556,0.3559066,135.4728468308846,0.38526753,146.36697159335014
2024-04-06,0.6771653543307087,0.6771653543307087,255.66666666666663,0.34874478,132.81551101431248,0.304321,116.3324343835314,0.35545763,135.30625951662657
2024-04-07,0.7007874015748031,0.7007874015748031,264.8333333333333,0.4858773,183.69739180927473,0.40502363,153.6973110263546,0.53016996,200.13181366523105
2024-04-08,0.7165354330708661,0.7165354330708661,268.5416666666667,0.43021002,163.04251103227335,0.54678893,206.29814290006954,0.48553884,183.57180720070994
2024-04-09,0.6299212598425197,0.6299212598425197,237.04166666666663,0.4730487,178.9374398986498,0.5423702,204.65860968331492,0.58418703,220.17439621686933
2024-04-10,0.5826771653543307,0.5826771653543307,218.625,0.46771243,176.95746701086557,0.57017154,214.97406330456334,0.5934536,223.61267434308922
2024-04-11,0.10236220472440945,0.10236220472440945,40.583333333333336,0.47934383,181.27320082734025,0.5595799,211.04412867873904,0.5854702,220.65050530433652
2024-04-12,0.14960629921259844,0.14960629921259844,59.29166666666666,0.45406908,171.89521413793165,0.47495857,179.64608563606936,0.30919233,118.13990397875507
2024-04-13,0.8031496062992126,0.8031496062992126,301.3333333333333,0.45889944,173.68747911602256,0.42579398,161.40397302682197,0.40482575,153.62388654798266
2024-04-14,0.6929133858267716,0.6929133858267716,260.2916666666667,0.66762227,251.1323457633455,0.4698201,177.73950405294693,0.5358911,202.2545993750294
2024-04-15,0.7952755905511811,0.7952755905511811,299.4166666666667,0.57687455,217.46116269876558,0.5607376,211.4736839930216,0.54254264,204.72259071220952
2024-04-16,0.7244094488188977,0.7244094488188977,271.1666666666667,0.5386017,203.260337802271,0.640837,241.19390029956892,0.6380413,240.15658050030467
2024-04-17,0.29133858267716534,0.29133858267716534,111.16666666666669,0.5115763,193.23278775314486,0.63032943,237.29514896124599,0.6473838,243.62303416430947
2024-04-18,0.6614173228346457,0.6614173228346457,249.375,0.47267443,178.79857474813855,0.52330005,197.5827900121609,0.39969867,151.7215290839473
2024-04-19,0.6771653543307087,0.6771653543307087,255.29166666666663,0.58948225,222.1391423717141,0.5193649,196.12268233547604,0.5663129,213.54235232373077
2024-04-20,0.3464566929133858,0.3464566929133858,132.66666666666666,0.6149624,231.5933401311437,0.59710646,224.9680415590604,0.6060774,228.29662528385717
2024-04-21,0.7007874015748031,0.7007874015748031,263.9166666666667,0.5099661,192.63532923410332,0.58802515,221.59849936018384,0.37732416,143.41965331882236
2024-04-22,0.8188976377952756,0.8188976377952756,307.1666666666667,0.57149976,215.46689194192487,0.60519123,227.96782958507535,0.67815554,255.0406290143728
2024-04-23,0.14173228346456693,0.14173228346456693,57.16666666666666,0.5869734,221.2082659502824,0.6133985,231.013065593938,0.70182633,263.82347934444743
2024-04-24,0.3543307086614173,0.3543307086614173,134.54166666666666,0.48399627,182.99945012231666,0.53100777,200.4426734447479,0.39203778,148.87901761755344
2024-04-25,0.8267716535433071,0.8267716535433071,311.0,0.4998357,188.8765377787252,0.5242857,197.94849699238932,0.4601693,174.1586453206837
2024-04-26,0.7007874015748031,0.7007874015748031,264.5416666666667,0.6801082,255.76514284312722,0.52614295,198.6376255303621,0.60449034,227.7077698136369
2024-04-27,0.49606299212598426,0.49606299212598426,187.29166666666663,0.5483773,206.887484918038,0.57224727,215.74424627423284,0.58516926,220.53884259611365
2024-04-28,0.3700787401574803,0.3700787401574803,139.66666666666666,0.52274674,197.37748897820708,0.63594675,239.37940893570578,0.56882215,214.47338355580962
2024-04-29,0.5669291338582677,0.5669291338582677,213.70833333333331,0.50825787,192.00151232878363,0.5822331,219.44939584036666,0.42321214,160.44600474213559
2024-04-30,0.8346456692913385,0.8346456692913385,314.125,0.54457414,205.47636375327903,0.47306558,178.9437097298602,0.5609509,211.5528143495321
2024-05-01,0.7007874015748031,0.7007874015748031,263.0416666666667,0.6512547,245.05930100133017,0.56561285,213.28260217358667,0.66868246,251.52571961780384
2024-05-02,0.8503937007874016,0.8503937007874016,319.5,0.5897169,222.2262123028437,0.6652779,250.26248685270545,0.6600183,248.31096595029032
2024-05-03,0.2992125984251969,0.2992125984251969,113.125,0.65179545,245.25993560006216,0.6885658,258.9032652402917,0.6700537,252.0345158676306
2024-05-04,0.5275590551181102,0.5275590551181102,198.04166666666663,0.53142637,200.59799275547263,0.6036868,227.40962662299472,0.5581241,210.50397221495706
2024-05-05,0.36220472440944884,0.36220472440944884,138.70833333333334,0.559578,211.0434209729234,0.5675852,214.0144142185648,0.6108025,230.04983374724782
2024-05-06,0.6692913385826772,0.6692913385826772,251.20833333333331,0.5284209,199.48284743229544,0.5143403,194.25834194322425,0.44615144,168.95743883401153
2024-05-07,0.5354330708661418,0.5354330708661418,201.95833333333331,0.608922,229.35210216045377,0.60212857,226.83145308742917,0.65360284,245.9305532077948
2024-05-08,0.889763779527559,0.889763779527559,333.4166666666667,0.5437882,205.18474472562468,0.5809871,218.98708701630432,0.44224128,167.50660873825348
2024-05-09,0.14960629921259844,0.14960629921259844,58.333333333333336,0.6533688,245.84370443473256,0.6654858,250.33962678660944,0.6836974,257.0968903775016
2024-05-10,0.6929133858267716,0.6929133858267716,259.4166666666667,0.4951169,187.12566253294546,0.52710557,198.99479580918944,0.41895917,158.86797558392084
2024-05-11,0.2440944881889764,0.2440944881889764,95.16666666666669,0.6156305,231.84123620887596,0.58483136,220.4134680877129,0.7395373,277.8158185308178
2024-05-12,0.8661417322834646,0.8661417322834646,325.625,0.42212123,160.04123018930352,0.45665103,172.85322665423152,0.47059765,178.02800475185114
2024-05-13,0.8346456692913385,0.8346456692913385,313.5416666666667,0.7013396,263.64288166662055,0.6153095,231.72212047378218,0.6933199,260.6672441015641
2024-05-14,0.7086614173228346,0.7086614173228346,267.0,0.61789536,232.68159263332683,0.6177229,232.61761160443223,0.7072251,265.82664065559703
2024-05-15,0.5826771653543307,0.5826771653543307,219.70833333333331,0.6377356,240.0431485275427,0.7087219,266.3820127944152,0.71244574,267.7637199362119
2024-05-16,0.8740157480314961,0.8740157480314961,326.5416666666667,0.572444,215.81725055227673,0.6032395,227.243647493422,0.5745131,216.58495655159152
2024-05-17,0.6062992125984252,0.6062992125984252,227.33333333333331,0.68157715,256.31018690019846,0.67200285,252.75772486378744,0.6744526,253.66668452074126
2024-05-18,0.7401574803149606,0.7401574803149606,277.375,0.5978848,225.25682976345217,0.6168764,232.30352291713155,0.5360781,202.32397666076815
2024-05-19,0.7795275590551181,0.7795275590551181,292.3333333333333,0.6891539,259.12148190538085,0.70211065,263.92897174259025,0.685805,257.87890530377626
2024-05-20,0.7322834645669292,0.7322834645669292,276.375,0.653575,245.92022512604788,0.6873585,258.4553095748027,0.66181844,248.97888542960084
2024-05-21,0.84251968503937,0.84251968503937,316.4583333333333,0.66134757,248.80417055636642,0.69075537,259.7156894008319,0.65321684,245.78733124335602
2024-05-22,0.7795275590551181,0.7795275590551181,292.125,0.69481415,261.2216652606924,0.6925026,260.36399215956527,0.6873055,258.4356486226121
2024-05-23,0.9448818897637795,0.9448818897637795,352.75,0.6877537,258.6019373734792,0.7181805,269.8915480499466,0.68454814,257.41254928708076
2024-05-24,0.8503937007874016,0.8503937007874016,317.7083333333333,0.73896253,277.60255580643815,0.7208931,270.89803841461736,0.7287248,273.8039227252205
2024-05-25,0.8346456692913385,0.8346456692913385,312.8333333333333,0.7379893,277.2414489140113,0.73614687,276.55782721191645,0.7864547,295.2241209944089
2024-05-26,0.5669291338582677,0.5669291338582677,213.08333333333331,0.7527037,282.70111177613336,0.7442864,279.5779396643241,0.844168,316.638171069324
2024-05-27,0.3464566929133858,0.3464566929133858,132.41666666666666,0.68650687,258.1393189281225,0.7074442,265.9079383611679,0.6068925,228.59908105681336
2024-05-28,0.5433070866141733,0.5433070866141733,205.5,0.6443725,242.5057214920719,0.6595359,248.13196061054862,0.5018837,189.6364258403579
2024-05-29,0.47244094488188976,0.47244094488188976,179.0,0.63831,240.25627855708197,0.6096262,229.61337830126283,0.5584471,210.62381777167317
2024-05-30,0.984251968503937,0.984251968503937,368.6666666666667,0.6846728,257.45879343897104,0.60804355,229.02615940074122,0.55428797,209.0805988932649
2024-05-31,0.9763779527559056,0.9763779527559056,366.1666666666667,0.7658704,287.5864934846759,0.6743055,253.61210270971057,0.7366235,276.7346873184045
2024-06-01,0.7401574803149606,0.7401574803149606,277.0,0.6743265,253.61988747368252,0.7174148,269.6074483965834,0.6425683,241.83627602209643
2024-06-02,0.3937007874015748,0.3937007874015748,150.04166666666666,0.6860499,257.96975703785813,0.7237046,271.94121890266734,0.73041445,274.4308616146445
2024-06-03,0.7795275590551181,0.7795275590551181,293.1666666666667,0.6210562,233.85439386467135,0.6451164,242.78172676016882,0.59981936,225.97464250276482
2024-06-04,0.7086614173228346,0.7086614173228346,266.7916666666667,0.720623,270.7978316942851,0.64553636,242.93755473444855,0.7169203,269.4239756638805
2024-06-05,0.5433070866141733,0.5433070866141733,205.45833333333331,0.65582293,246.75430066138503,0.6365425,239.60045642405746,0.5803755,218.76015672336018
2024-06-06,0.8582677165354331,0.8582677165354331,321.125,0.6859838,257.9452306081851,0.70388764,264.58831028888625,0.5969749,224.91923197358844
2024-06-07,0.3858267716535433,0.3858267716535433,146.70833333333334,0.7329938,275.3879010354479,0.70835006,266.24405439198017,0.725011,272.42595315476257
2024-06-08,0.6062992125984252,0.6062992125984252,227.79166666666663,0.6107202,230.01931393394864,0.6432866,242.10279360910252,0.5267195,198.85155172894395
2024-06-09,0.7165354330708661,0.7165354330708661,270.5833333333333,0.6344904,238.8390313138564,0.6163081,232.09264869987962,0.6899651,259.42247803509235
2024-06-10,0.5905511811023622,0.5905511811023622,223.125,0.65980643,248.23234425733483,0.63995045,240.86494979013995,0.6574645,247.36339209477103
2024-06-11,0.9763779527559056,0.9763779527559056,365.2083333333333,0.59710467,224.96737808485824,0.65796226,247.54808119684455,0.5458702,205.95724985500175
2024-06-12,0.9291338582677166,0.9291338582677166,347.125,0.7699177,289.0882231096426,0.6860179,257.95788084963954,0.67282146,253.0614633535345
2024-06-13,0.7165354330708661,0.7165354330708661,268.5833333333333,0.69777673,262.3209093188246,0.7350115,276.1365653251608,0.632581,238.13057356079415
2024-06-14,0.8267716535433071,0.8267716535433071,308.7916666666667,0.7012442,263.6074742600322,0.712919,267.9393194417159,0.67590517,254.2056467309594
2024-06-15,0.905511811023622,0.905511811023622,340.5416666666667,0.7339049,275.72596325725317,0.72232246,271.4283975760142,0.69317704,260.61423251281184
2024-06-16,0.9448818897637795,0.9448818897637795,355.125,0.76103705,285.79312271624804,0.7304536,274.44539169967175,0.70523405,265.087884247303
2024-06-17,0.7952755905511811,0.7952755905511811,299.3333333333333,0.7824413,293.7349973792831,0.7434909,279.28275999178487,0.7897137,296.4333469594518
2024-06-18,0.6456692913385826,0.6456692913385826,244.375,0.7574896,284.4768783623973,0.7579591,284.6510845720768,0.82989603,311.34267384062207
2024-06-19,0.5354330708661418,0.5354330708661418,202.125,0.7369296,276.8482519860069,0.742804,279.02789743493,0.75014144,281.7503974760572
2024-06-20,0.5748031496062992,0.5748031496062992,218.125,0.6846452,257.4485538204511,0.6848968,257.5419267565012,0.6024281,226.9425850162903
2024-06-21,0.6614173228346457,0.6614173228346457,248.875,0.66837,251.40978855888045,0.6662956,250.6400921369592,0.58257914,219.5778002142906
2024-06-22,0.7086614173228346,0.7086614173228346,267.3333333333333,0.67490256,253.83363674581048,0.6709297,252.35952976346013,0.6343043,238.7699857652187
2024-06-23,0.6062992125984252,0.6062992125984252,227.375,0.67335916,253.26097004612282,0.68866986,258.9418794388572,0.67110485,252.42452811946467
2024-06-24,0.7559055118110236,0.7559055118110236,283.1666666666667,0.6166226,232.20935381203887,0.673711,253.3915196533004,0.60618764,228.33753952632344
2024-06-25,0.4015748031496063,0.4015748031496063,153.5,0.659826,248.23959824194506,0.66872585,251.5418199251095,0.6480165,243.85779345283902
2024-06-26,0.2440944881889764,0.2440944881889764,93.375,0.55857766,210.67225138843057,0.617867,232.67106550931928,0.48313364,182.6793791092932
2024-06-27,0.7401574803149606,0.7401574803149606,278.5,0.5599047,211.1646377096573,0.56878805,214.4607333143552,0.5679961,214.16688059022027
2024-06-28,0.3858267716535433,0.3858267716535433,145.45833333333334,0.72567993,272.67415885378915,0.5754103,216.9178657904267,0.5370941,202.70096270243323
2024-06-29,0.5275590551181102,0.5275590551181102,199.125,0.62151724,234.02545962979394,0.57408243,216.4251698479056,0.62716854,236.1223256140947
2024-06-30,0.7480314960629921,0.7480314960629921,281.375,0.5504206,207.64563688884175,0.5982455,225.3906746258338,0.6525061,245.52362236380574
2024-07-01,0.968503937007874,0.968503937007874,364.125,0.64270014,241.8851961866021,0.612624,230.72569280117747,0.6759673,254.22869140158093
2024-07-02,0.7244094488188977,0.7244094488188977,270.8333333333333,0.7207445,270.8429037084182,0.6510692,244.99047661075986,0.6861977,258.02460423856974
2024-07-03,0.6220472440944882,0.6220472440944882,232.95833333333331,0.6486301,244.0854535674055,0.6685243,251.46704638252652,0.6268009,235.98591531813142
2024-07-04,0.4566929133858268,0.4566929133858268,171.83333333333334,0.66727686,251.00418466329572,0.70566756,265.2487325097124,0.63308406,238.3172309696674
2024-07-05,0.3858267716535433,0.3858267716535433,146.83333333333334,0.58449376,220.28820415834582,0.60790724,228.9755805507302,0.56697905,213.78951857984063
2024-07-06,0.84251968503937,0.84251968503937,317.0416666666667,0.5689684,214.52765574554599,0.57613254,217.18584302067754,0.5399724,203.76893500983712
2024-07-07,0.9291338582677166,0.9291338582677166,349.2916666666667,0.7455052,280.0301636805137,0.63161623,237.77260711292422,0.6745656,253.70861609031752
2024-07-08,0.7795275590551181,0.7795275590551181,293.5416666666667,0.71685207,269.39865306516486,0.7069377,265.71999823550385,0.6478263,243.78722191353634
2024-07-09,0.3937007874015748,0.3937007874015748,149.75,0.69837266,262.5420231545965,0.72547054,272.5964660247167,0.71277994,267.88772326459485
2024-07-10,0.15748031496062992,0.15748031496062992,62.5,0.6118094,230.4234360704819,0.6705111,252.20423256854212,0.590485,222.51119658847648
2024-07-11,0.8346456692913385,0.8346456692913385,312.4166666666667,0.5627193,212.20896821965772,0.54051,203.96839747081196,0.51833016,195.73875193049508
2024-07-12,0.6220472440944882,0.6220472440944882,234.875,0.7786899,292.34307273477316,0.5398509,203.72384087989724,0.59439373,223.96150696277616
2024-07-13,0.8582677165354331,0.8582677165354331,321.8333333333333,0.6835817,257.0539635966221,0.62619036,235.75938310970858,0.6147896,231.5292264074087
2024-07-14,0.5748031496062992,0.5748031496062992,216.20833333333331,0.69858027,262.6190525094668,0.7130883,268.0021283328533,0.7302815,274.3815212498109
2024-07-15,0.7637795275590551,0.7637795275590551,285.9583333333333,0.5752433,216.85589729994533,0.66851217,251.46253475795186,0.59865254,225.54170347005126
2024-07-16,0.8031496062992126,0.8031496062992126,301.0416666666667,0.64184326,241.5672593489289,0.6475511,243.68511323382452,0.6177949,232.64430538316566
2024-07-17,0.6456692913385826,0.6456692913385826,243.16666666666663,0.6896911,259.3208116715153,0.62044764,233.6285914778709,0.6010682,226.43801288555062
2024-07-18,0.6929133858267716,0.6929133858267716,261.5833333333333,0.6539782,246.06983855863407,0.7010873,263.54926545669633,0.6361136,239.44131107876694
2024-07-19,0.905511811023622,0.905511811023622,339.9583333333333,0.6537612,245.9893149062991,0.6738849,253.45605357736346,0.6617064,248.93730771293238
2024-07-20,0.7795275590551181,0.7795275590551181,293.3333333333333,0.72374004,271.9543778076768,0.707519,265.9356936986248,0.69290376,260.51283153891563
2024-07-21,0.6535433070866141,0.6535433070866141,246.20833333333331,0.68376017,257.1201783219973,0.698068,262.4289892663558,0.6851113,257.6214994291464
2024-07-22,0.3543307086614173,0.3543307086614173,135.375,0.6924647,260.34992650647956,0.71270543,267.8600785061717,0.6158274,231.91428471853334
2024-07-23,0.8188976377952756,0.8188976377952756,307.875,0.61432976,231.35860295842087,0.6523821,245.47759936998284,0.45526224,172.33792835722363
2024-07-24,0.5354330708661418,0.5354330708661418,201.25,0.7292713,274.00670255720615,0.6390321,240.52421155571935,0.6931118,260.59001570443314
2024-07-25,0.6692913385826772,0.6692913385826772,251.5,0.59633166,224.68055818726617,0.62570995,235.581129707396,0.57401365,216.39964820692933
2024-07-26,0.9133858267716536,0.9133858267716536,341.7916666666667,0.6576582,247.43526846667126,0.68532306,257.70007689048845,0.64191043,241.5921838631232
2024-07-27,0.8976377952755905,0.8976377952755905,336.7916666666667,0.72093385,270.9131656264265,0.6837904,257.1313910360137,0.69862014,262.6338479841749
2024-07-28,0.8661417322834646,0.8661417322834646,324.9583333333333,0.7000574,263.1671264320612,0.7117806,267.5169296488166,0.6427418,241.90065513551232
2024-07-29,0.48031496062992124,0.48031496062992124,182.375,0.7186913,270.0810805136959,0.71312916,268.01729977627593,0.70129585,263.6266486644745
2024-07-30,0.4094488188976378,0.4094488188976378,154.29166666666666,0.6638616,249.73697105298436,0.71326447,268.06750265757245,0.6460699,243.1355133205652
2024-07-31,0.7165354330708661,0.7165354330708661,268.75,0.6195875,233.30943827082712,0.62679905,235.9852297281225,0.684154,257.2662974571188
2024-08-01,0.6614173228346457,0.6614173228346457,248.16666666666663,0.7074518,265.9107691844304,0.61871827,232.98692346115905,0.67012465,252.06083367764947
2024-08-02,0.4566929133858268,0.4566929133858268,171.83333333333334,0.67217666,252.82221455623701,0.6643121,249.90414443612096,0.6330689,238.3116135547558
2024-08-03,0.8188976377952756,0.8188976377952756,308.7083333333333,0.63243407,238.07605809718368,0.6634212,249.57357947280005,0.47123924,178.26605929558474
2024-08-04,0.7637795275590551,0.7637795275590551,285.625,0.69734854,262.16202936321497,0.66981953,251.9476228629549,0.69551826,261.4829192856948
2024-08-05,0.4881889763779528,0.4881889763779528,184.45833333333331,0.64154655,241.45716686298445,0.64308405,242.027644097805,0.6126984,230.75329332798717
2024-08-06,0.15748031496062992,0.15748031496062992,62.0,0.5984986,225.48457834124562,0.64311886,242.04055972894028,0.623342,234.70251293728745
2024-08-07,0.8582677165354331,0.8582677165354331,321.8333333333333,0.56329864,212.42393386115629,0.58362365,219.96535761157668,0.48226544,182.3572402683397
2024-08-08,0.6062992125984252,0.6062992125984252,228.41666666666663,0.76175416,286.0591979871193,0.58728427,221.32359988242385,0.47670648,180.2946316686769
2024-08-09,0.8188976377952756,0.8188976377952756,306.5833333333333,0.5763391,217.2624964068333,0.5786555,218.12196088830626,0.6611534,248.73211725801227
2024-08-10,0.5984251968503937,0.5984251968503937,225.375,0.6885406,258.8939102540413,0.7046906,264.886232321461,0.685602,257.8035788660248
2024-08-11,0.6771653543307087,0.6771653543307087,255.0,0.5768813,217.463661784927,0.66862255,251.50349323203162,0.5938022,223.74202969670293
2024-08-12,0.8031496062992126,0.8031496062992126,302.7916666666667,0.61652887,232.17456564803916,0.6504945,244.7772360021869,0.64088017,241.20991214364764
2024-08-13,0.6220472440944882,0.6220472440944882,235.04166666666663,0.7084365,266.27612231175107,0.6172898,232.4568960368633,0.61152375,230.31745712459085
2024-08-14,0.7007874015748031,0.7007874015748031,264.8333333333333,0.63876295,240.4243365724881,0.6960995,261.69859263300896,0.6353234,239.14812182883418
2024-08-15,0.5433070866141733,0.5433070866141733,204.125,0.6595227,248.1270730172594,0.67449266,253.68154634286955,0.6592551,248.02777304500339
2024-08-16,0.3858267716535433,0.3858267716535433,145.83333333333334,0.6174646,232.52176169802743,0.6630183,249.42407661924756,0.5502948,207.59897253662345
2024-08-17,0.44881889763779526,0.44881889763779526,170.95833333333334,0.5650651,213.0793579096595,0.60429204,227.6341905246178,0.5338539,201.49870321651298
2024-08-18,0.4251968503937008,0.4251968503937008,162.375,0.55461085,209.20040021836755,0.57243246,215.81296008576948,0.55091983,207.83087888608372
2024-08-19,0.6141732283464567,0.6141732283464567,231.125,0.61010617,229.79147689292824,0.5616596,211.81577129165328,0.5465484,206.20890561987954
2024-08-20,0.6456692913385826,0.6456692913385826,242.45833333333331,0.5797661,218.5340447152654,0.5674704,213.9718191747864,0.56112313,211.61672903100646
2024-08-21,0.6692913385826772,0.6692913385826772,252.29166666666663,0.56128985,211.67858694245416,0.60332525,227.27547213931877,0.54283404,204.8307148913542
2024-08-22,0.7874015748031497,0.7874015748031497,296.7083333333333,0.55315757,208.66117261846858,0.62009436,233.4975110913316,0.51540846,194.65467931578553
2024-08-23,0.6535433070866141,0.6535433070866141,244.95833333333331,0.6312348,237.63108806560433,0.62865937,236.67548617223895,0.59954786,225.8739050030708
2024-08-24,0.7007874015748031,0.7007874015748031,264.4166666666667,0.5854457,220.64141570776698,0.6423929,241.77118920286492,0.58235973,219.49639192968604
2024-08-25,0.5748031496062992,0.5748031496062992,216.54166666666663,0.6243507,235.07680085053045,0.6488953,244.183868907392,0.6397025,240.77294803410766
2024-08-26,0.6850393700787402,0.6850393700787402,257.1666666666667,0.5923707,223.2108743662635,0.6431991,242.07032760481036,0.5303761,200.2082901249329
2024-08-27,0.5354330708661418,0.5354330708661418,202.66666666666663,0.6216382,234.07033260166642,0.64979327,244.51704353590802,0.6355305,239.22495214144385
2024-08-28,0.3543307086614173,0.3543307086614173,134.375,0.56762856,214.03051452587044,0.62876225,236.71365805466965,0.44963217,170.2489356001218
2024-08-29,0.41732283464566927,0.41732283464566927,159.08333333333334,0.5691284,214.58701457083222,0.6091013,229.4186265071233,0.40301684,152.9527049871782
2024-08-30,0.6220472440944882,0.6220472440944882,234.29166666666663,0.5188999,195.95015692710874,0.5469916,206.37333664298055,0.51887035,195.93918748696643
2024-08-31,0.6220472440944882,0.6220472440944882,234.0,0.6018974,226.74568798889715,0.561638,211.80776536961395,0.5956997,224.44608640422422
2024-09-01,0.7007874015748031,0.7007874015748031,262.7083333333333,0.54240924,204.67309553672868,0.58305347,219.75379780431587,0.44880342,169.9414374232292
2024-09-02,0.7480314960629921,0.7480314960629921,281.9166666666667,0.56225425,212.03642069548366,0.63605714,239.42036740978554,0.5825476,219.56610095252591
2024-09-03,0.7401574803149606,0.7401574803149606,277.25,0.5832712,219.83458684633172,0.63631546,239.51621731619036,0.59119517,222.7747064257661
2024-09-04,0.7086614173228346,0.7086614173228346,267.4166666666667,0.60143375,226.57364912827808,0.6362703,239.49945353468254,0.6011205,226.45740844806033
2024-09-05,0.6377952755905512,0.6377952755905512,238.95833333333331,0.61856335,232.92944447944558,0.6512124,245.04359877854583,0.6370812,239.80033908536032
2024-09-06,0.36220472440944884,0.36220472440944884,138.41666666666666,0.624166,235.00826396544772,0.66470337,250.0493125915527,0.64134055,241.38073463489607
2024-09-07,0.44881889763779526,0.44881889763779526,170.58333333333334,0.56646895,213.60025150577223,0.61418086,231.30335767318803,0.50049525,189.12126023819047
2024-09-08,0.6850393700787402,0.6850393700787402,259.0,0.55945826,210.9989903171857,0.5827062,219.62495111425716,0.51754206,195.44633673379815
2024-09-09,0.6692913385826772,0.6692913385826772,253.04166666666663,0.6451811,242.80574452628687,0.5898586,222.2787815754612,0.6440424,242.38322203854716
2024-09-10,0.6692913385826772,0.6692913385826772,252.375,0.5679547,214.1515322203437,0.62829447,236.54009320338562,0.6058341,228.20637067655719
2024-09-11,0.6456692913385826,0.6456692913385826,241.875,0.5779031,217.84279305984575,0.651855,245.28202929099396,0.6180417,232.73588693886992
2024-09-12,0.6377952755905512,0.6377952755905512,240.625,0.56063306,211.43489286800224,0.638444,240.30599489063022,0.58854824,221.79258768012124
2024-09-13,0.6377952755905512,0.6377952755905512,240.625,0.56231177,212.05776244898635,0.60588413,228.22492583841083,0.55168915,208.11632760365802
2024-09-14,0.6141732283464567,0.6141732283464567,230.625,0.5699753,214.90125806878007,0.6156367,231.84353625277674,0.53001255,200.07340581963456
2024-09-15,0.6535433070866141,0.6535433070866141,246.58333333333331,0.58353776,219.93348873406646,0.63961476,240.74039356658852,0.5583537,210.5891623025139
2024-09-16,0.6456692913385826,0.6456692913385826,242.75,0.5913605,222.83605567365882,0.6404957,241.0672651901841,0.6072688,228.73869814475376
2024-09-17,0.6377952755905512,0.6377952755905512,241.0,0.5878393,221.5295422747731,0.6418905,241.58479718367255,0.5900659,222.35570035129783
2024-09-18,0.6062992125984252,0.6062992125984252,228.04166666666663,0.5897713,222.24638191858924,0.6432573,242.09193474799392,0.5869198,221.1883617242177
2024-09-19,0.5511811023622047,0.5511811023622047,207.04166666666663,0.5794874,218.43063120295602,0.6362645,239.49730830142892,0.53824407,203.1276429618398
2024-09-20,0.3858267716535433,0.3858267716535433,146.91666666666666,0.56205964,211.96421258648235,0.6229433,234.5545803060134,0.50135016,189.4384672542413
2024-09-21,0.6141732283464567,0.6141732283464567,231.875,0.5240324,197.8545269295573,0.5816274,219.2246771280964,0.47858137,180.9902954275409
2024-09-22,0.23622047244094488,0.23622047244094488,91.5,0.58947575,222.1367317487796,0.58434397,220.2326271360119,0.59016037,222.3907539049784
2024-09-23,0.2677165354330709,0.2677165354330709,103.83333333333331,0.5656348,213.29074079046643,0.5278929,199.28692350039876,0.47500637,179.66382251307365
2024-09-24,0.11023622047244094,0.11023622047244094,43.41666666666666,0.47878337,181.0652458965778,0.49881312,188.49711899831888,0.4366118,165.41783713921902
2024-09-25,0.3464566929133858,0.3464566929133858,132.70833333333334,0.39459407,149.82750927905238,0.38064393,144.6514263488352,0.31042123,118.59587662418683
2024-09-26,0.25196850393700787,0.25196850393700787,98.08333333333331,0.45274654,171.40449756011364,0.38590953,146.6051809477309,0.36838153,140.10156354432303
2024-09-27,0.28346456692913385,0.28346456692913385,109.91666666666669,0.33980682,129.49915733064213,0.3448889,131.3848173605899,0.27852315,106.7603593741854
2024-09-28,0.11811023622047244,0.11811023622047244,47.583333333333336,0.401157,152.26262546951568,0.41788697,158.4701453944047,0.3990264,151.47208489974338
2024-09-29,0.11811023622047244,0.11811023622047244,46.958333333333336,0.2741393,105.13377496227622,0.29161295,111.61722274993856,0.22391066,86.49685097113252
2024-09-30,0.25984251968503935,0.25984251968503935,101.25,0.28198087,108.04331943889459,0.26185107,100.57432495554288,0.24901667,95.81222781166434
2024-10-01,0.28346456692913385,0.28346456692913385,108.91666666666669,0.32030112,122.26172640174626,0.22939017,88.52997920041282,0.23373911,90.1436148074766
2024-10-02,0.5511811023622047,0.5511811023622047,207.08333333333331,0.30341575,115.9965505686899,0.3038645,116.16306047762433,0.24089693,92.79946333604553
2024-10-03,0.5275590551181102,0.5275590551181102,199.45833333333331,0.46678305,176.61262629429496,0.38292557,145.49800837288296,0.4897753,185.1437102804581
2024-10-04,0.33858267716535434,0.33858267716535434,129.25,0.4127525,156.56504557033378,0.44589317,168.86161104341346,0.5081575,191.96426931023595
2024-10-05,0.5511811023622047,0.5511811023622047,206.91666666666663,0.35267416,134.2734734577437,0.43342942,164.2370410437385,0.27270553,104.60177923118074
2024-10-06,0.44881889763779526,0.44881889763779526,170.91666666666666,0.4718346,178.4869630311926,0.44187006,167.36887149388588,0.47635454,180.16404888778922
2024-10-07,0.5354330708661418,0.5354330708661418,201.08333333333331,0.4232901,160.4749322173496,0.45414495,171.9233675599098,0.47704792,180.42132206757861
2024-10-08,0.48031496062992124,0.48031496062992124,182.625,0.45246565,171.3002768208583,0.494463,186.88304107512033,0.5373218,202.78544508417446
2024-10-09,0.5275590551181102,0.5275590551181102,198.91666666666663,0.4134768,156.8337857959171,0.5196781,196.23890089988706,0.41601115,157.77413884053624
2024-10-10,0.5196850393700787,0.5196850393700787,197.04166666666663,0.42043144,159.41424706826604,0.52758616,199.17311555892226,0.43378246,164.36803296705085
2024-10-11,0.4330708661417323,0.4330708661417323,163.45833333333334,0.4316104,163.56211085369188,0.5000662,188.96207066128648,0.505133,190.84204692890245
2024-10-12,0.44881889763779526,0.44881889763779526,170.20833333333334,0.41296062,156.64226290956137,0.5213017,196.84131335963804,0.41238016,156.42688812563813
2024-10-13,0.047244094488188976,0.047244094488188976,20.791666666666668,0.40562925,153.9220186807215,0.49275178,186.24810732156035,0.4509754,170.74732636287806
2024-10-14,0.2992125984251969,0.2992125984251969,115.41666666666669,0.41601163,157.77431576699016,0.4119995,156.28564552590248,0.32242447,123.04957990099986
2024-10-15,0.3228346456692913,0.3228346456692913,122.66666666666669,0.42490625,161.0745912591616,0.3656708,139.09576982756454,0.30987215,118.39214581251144
2024-10-16,0.48031496062992124,0.48031496062992124,182.16666666666663,0.39114177,148.54656175275642,0.33918604,129.26882120346028,0.30920705,118.1453665830195
2024-10-17,0.47244094488188976,0.47244094488188976,179.45833333333334,0.39204475,148.88160516694185,0.42417195,160.8021355780462,0.32862046,125.34855118518074
2024-10-18,0.4645669291338583,0.4645669291338583,175.91666666666666,0.35805,136.26813124120233,0.44189137,167.3767778947949,0.31057292,118.6521613523364
2024-10-19,0.4645669291338583,0.4645669291338583,174.83333333333334,0.33079344,126.15481609354416,0.4659671,176.3098719579478,0.36707458,139.61663024996716
2024-10-20,0.4409448818897638,0.4409448818897638,166.79166666666666,0.3867621,146.9215254473189,0.4082443,154.89231652766463,0.32869515,125.37626229102412
2024-10-21,0.4409448818897638,0.4409448818897638,167.0,0.3665108,139.40744789193073,0.45003706,170.39916827529666,0.4335837,164.2942878094812
2024-10-22,0.33858267716535434,0.33858267716535434,129.41666666666666,0.3733722,141.95330898463723,0.4509744,170.74696145206687,0.43937325,166.442451407512
2024-10-23,0.2204724409448819,0.2204724409448819,83.83333333333333,0.36233342,137.85746157666046,0.45211726,171.17100993047154,0.32840866,125.26996266593535
2024-10-24,0.4409448818897638,0.4409448818897638,166.91666666666666,0.3571821,135.94610297928253,0.40231535,152.69242405767238,0.305551,116.78881617138782
2024-10-25,0.16535433070866143,0.16535433070866143,64.25,0.4190027,158.88413118074334,0.40104157,152.2197982097665,0.3410728,129.96888600786525
2024-10-26,0.41732283464566927,0.41732283464566927,158.08333333333334,0.33877134,129.1149504780769,0.35780793,136.17831895003715,0.27175763,104.25007155661781
2024-10-27,0.36220472440944884,0.36220472440944884,137.375,0.40415272,153.3741659161945,0.39438015,149.74813564866778,0.3428938,130.6445570774376
2024-10-28,0.33858267716535434,0.33858267716535434,129.58333333333334,0.34834015,132.66537786026794,0.37577152,142.84355866909024,0.33455276,127.54968214035033
2024-10-29,0.2755905511811024,0.2755905511811024,105.91666666666669,0.3363878,128.23056148240963,0.3948016,149.9045054602126,0.24113543,92.88795973670979
2024-10-30,0.28346456692913385,0.28346456692913385,108.0,0.3354971,127.90007392441233,0.3464257,131.95504026363292,0.28091827,107.64904989426334
2024-10-31,0.09448818897637795,0.09448818897637795,39.16666666666666,0.32223946,122.98093243688344,0.36720762,139.66599273060757,0.2342217,90.32267543673515
2024-11-01,0.2047244094488189,0.2047244094488189,78.33333333333333,0.24255449,93.41448733458915,0.26227346,100.7310486199955,0.22190371,85.75218964243928
2024-11-02,0.3700787401574803,0.3700787401574803,141.45833333333334,0.28370333,108.68242202202478,0.28614575,109.58866143474975,0.23831499,91.84145634869733
2024-11-03,0.3228346456692913,0.3228346456692913,124.08333333333331,0.31327292,119.65397422388195,0.2928203,112.06520053123434,0.24328142,93.68421171357234
2024-11-04,0.11023622047244094,0.11023622047244094,43.375,0.2872809,110.0098459161818,0.33587325,128.03963572283584,0.2862458,109.62578281636038
2024-11-05,0.14960629921259844,0.14960629921259844,58.208333333333336,0.23787738,91.67908762457469,0.29946646,114.53120144580801,0.20775454,80.50225650457044
2024-11-06,0.29133858267716534,0.29133858267716534,111.83333333333331,0.24456514,94.16052537225187,0.24999103,96.17375490441918,0.27807188,106.59292060136795
2024-11-07,0.3543307086614173,0.3543307086614173,135.58333333333334,0.27144927,104.135655430456,0.2137827,82.73895520592728,0.23818201,91.79211598386367
2024-11-08,0.3464566929133858,0.3464566929133858,133.41666666666666,0.2926158,111.98932119831443,0.28411418,108.83486627787352,0.30518338,116.65241693332791
2024-11-09,0.2283464566929134,0.2283464566929134,88.91666666666667,0.29414967,112.5584493689239,0.35297725,134.38593233500916,0.21295595,82.43219790856043
2024-11-10,0.11811023622047244,0.11811023622047244,48.083333333333336,0.25153473,96.74653218314052,0.32824457,125.20907784998415,0.1831129,71.35918391433854
2024-11-11,0.11811023622047244,0.11811023622047244,47.91666666666666,0.22928743,88.49185707854727,0.24095407,92.82066686575611,0.25194308,96.89804757510622
2024-11-12,0.2992125984251969,0.2992125984251969,115.5,0.21337514,82.58773284840086,0.20015901,77.68400054921706,0.2844248,108.95012280469139
2024-11-13,0.2440944881889764,0.2440944881889764,94.95833333333331,0.26169294,100.51565172026554,0.23873442,91.99708528071642,0.22900605,88.38745388388634
2024-11-14,0.03937007874015748,0.03937007874015748,17.458333333333332,0.23245086,89.66562034748495,0.27281708,104.64316896349192,0.24073511,92.7394244497021
2024-11-15,0.08661417322834646,0.08661417322834646,34.666666666666664,0.18708572,72.83326325193048,0.24810933,95.4755644146353,0.21766713,84.18024233107765
2024-11-16,0.07874015748031496,0.07874015748031496,31.70833333333333,0.18618657,72.49964077832799,0.18296577,71.30459104540448,0.25735387,98.905676279217
2024-11-17,0.16535433070866143,0.16535433070866143,63.625,0.1546924,60.81399129269023,0.13819958,54.69447016281386,0.10069312,40.778010309363395
2024-11-18,0.2204724409448819,0.2204724409448819,86.54166666666667,0.18164477,70.81444394961,0.15742153,61.82661326477924,0.13671906,54.14513563923537
2024-11-19,0.08661417322834646,0.08661417322834646,34.791666666666664,0.1850826,72.0900228638202,0.20540848,79.63177282238999,0.22619236,87.34345511098702
2024-11-20,0.03937007874015748,0.03937007874015748,18.875,0.1503523,59.203634353975445,0.19387628,75.35284523727992,0.22815661,88.07227599310377
2024-11-21,0.09448818897637795,0.09448818897637795,38.04166666666666,0.1481129,58.37272137900193,0.14243968,56.26772230677306,0.11256695,45.18369464079538
2024-11-22,0.08661417322834646,0.08661417322834646,35.208333333333336,0.14844003,58.49410398428638,0.12878236,51.20028880611061,0.10261714,41.4919002574558
2024-11-23,0.07874015748031496,0.07874015748031496,32.166666666666664,0.1388281,54.927675815920026,0.1276099,50.76525430070856,0.097584315,39.624513412825756
2024-11-24,0.07086614173228346,0.07086614173228346,29.75,0.13494709,53.48766034965713,0.14129151,55.84170552156865,0.11028505,44.33701586009313
2024-11-25,0.047244094488188976,0.047244094488188976,20.125,0.13017079,51.71545440827806,0.14226167,56.20167344994842,0.11564133,46.32441965894152
2024-11-26,0.2677165354330709,0.2677165354330709,101.5,0.12118506,48.38137214103092,0.120498665,48.12669203958163,0.09493362,38.64099584240466
2024-11-27,0.18110236220472442,0.18110236220472442,69.58333333333333,0.18593003,72.40445434612532,0.1430337,56.488128436729305,0.15443267,60.717621664827064
2024-11-28,0.15748031496062992,0.15748031496062992,61.625,0.15209396,59.849863755827144,0.16864033,65.9892559380581,0.11661489,46.68565095278123
2024-11-29,0.09448818897637795,0.09448818897637795,38.958333333333336,0.16820586,65.82804829378922,0.18688211,72.75771565611164,0.13045673,51.8215494621545
2024-11-30,0.11023622047244094,0.11023622047244094,44.208333333333336,0.14196907,56.093106954668954,0.15619512,61.37156395427882,0.10232745,41.384414672230676
2024-12-01,0.12598425196850394,0.12598425196850394,49.16666666666666,0.14886923,58.65335437965889,0.14467551,57.09730833334227,0.10768468,43.372169559511036
2024-12-02,0.1732283464566929,0.1732283464566929,67.91666666666667,0.14788595,58.288515444844954,0.13784514,54.56295851804315,0.087628216,35.93038581187526
2024-12-03,0.18110236220472442,0.18110236220472442,71.70833333333333,0.1522685,59.91462436690926,0.17773911,69.36528359726071,0.19178624,74.57735447399318
2024-12-04,0.05511811023622047,0.05511811023622047,22.541666666666668,0.15139905,59.59202109401424,0.17668913,68.97569707470636,0.14430726,56.96067135035991
2024-12-05,0.16535433070866143,0.16535433070866143,64.375,0.12719597,50.611671080812805,0.159979,62.77554171346127,0.10682071,43.05160094083597
2024-12-06,0.1889763779527559,0.1889763779527559,73.125,0.16499984,64.63848328093687,0.15132897,59.56601843424141,0.123049475,49.07314904686063
2024-12-07,0.15748031496062992,0.15748031496062992,61.375,0.15071332,59.337589795390755,0.15546179,61.099467655022934,0.12147096,48.48745337252815
2024-12-08,0.14960629921259844,0.14960629921259844,60.04166666666666,0.14979866,58.99821168308456,0.17401962,67.98519643830757,0.10342566,41.79189564691235
2024-12-09,0.03937007874015748,0.03937007874015748,19.041666666666668,0.14958784,58.91998807465036,0.17680927,69.02027148318787,0.11522765,46.170924902272716
2024-12-10,0.09448818897637795,0.09448818897637795,39.125,0.11961505,47.79883349811037,0.15067413,59.32304865246017,0.09935829,40.28273234640558
2024-12-11,0.05511811023622047,0.05511811023622047,23.875,0.13860653,54.84546583332121,0.1263871,50.31154852546751,0.0873594,35.83064352348446
2024-12-12,0.1968503937007874,0.1968503937007874,76.66666666666667,0.11597927,46.44980798972149,0.12448181,49.60460570516685,0.0996376,40.38636701678236
2024-12-13,0.2283464566929134,0.2283464566929134,87.625,0.15089153,59.4037105285873,0.14991067,59.03977281289795,0.10457448,42.21815570599088
2024-12-14,0.2204724409448819,0.2204724409448819,83.83333333333333,0.14832786,58.452482036004454,0.16811526,65.79443226754665,0.13735,54.379236982514456
2024-12-15,0.047244094488188976,0.047244094488188976,22.375,0.16170168,63.41472723086674,0.19714507,76.56570372357965,0.16180997,63.45490612275898
2024-12-16,0.015748031496062992,0.015748031496062992,10.708333333333334,0.13148798,52.204186092441276,0.15686594,61.62046630121767,0.08958209,36.65535577914367
2024-12-17,0.047244094488188976,0.047244094488188976,21.041666666666668,0.12602974,50.17895320616662,0.1302571,51.74747809643546,0.09211242,37.59421324233214
2024-12-18,0.031496062992125984,0.031496062992125984,14.291666666666666,0.119259894,47.6670564636588,0.10796393,43.47578211408108,0.10147008,41.066295379151896
2024-12-19,0.047244094488188976,0.047244094488188976,21.625,0.110703975,44.49245404327908,0.11585902,46.4051893496265,0.102165364,41.324273500281066
2024-12-20,0.047244094488188976,0.047244094488188976,21.416666666666668,0.111265354,44.70074900457014,0.11986814,47.89273997799803,0.10308777,41.666523902987436
2024-12-21,0.1732283464566929,0.1732283464566929,67.16666666666667,0.10878772,43.78144467901438,0.11774605,47.10535643963763,0.10276429,41.5465014198174
2024-12-22,0.2125984251968504,0.2125984251968504,82.79166666666667,0.13435876,53.269366279244416,0.11897112,47.55990814448644,0.10458883,42.223480086463184
2024-12-23,0.047244094488188976,0.047244094488188976,20.375,0.14335792,56.60842736748357,0.13922158,55.07367331410447,0.12671754,50.43415302907427
2024-12-24,0.03937007874015748,0.03937007874015748,19.45833333333333,0.119867,47.89231701319416,0.14314097,56.52793135990699,0.08467362,34.834108036321894
2024-12-25,0.08661417322834646,0.08661417322834646,34.583333333333336,0.12514447,49.85047818658252,0.12280421,48.9821452666074,0.09157258,37.39391038070122
2024-12-26,0.06299212598425197,0.06299212598425197,26.166666666666668,0.1221967,48.75673267090072,0.11202458,44.98245462185392,0.098492146,39.96135650078455
2024-12-27,0.06299212598425197,0.06299212598425197,27.58333333333333,0.11410784,45.75542971212416,0.11325848,45.440282230575875,0.091760375,37.46358899430682
2024-12-28,0.16535433070866143,0.16535433070866143,64.20833333333333,0.11299187,45.341358227034405,0.12464123,49.663757194764905,0.101719975,41.159015898903206
2024-12-29,0.007874015748031496,0.007874015748031496,7.541666666666667,0.13083303,51.96117207904656,0.1398733,55.31548754498362,0.109328695,43.982167740973324
2024-12-30,0.1889763779527559,0.1889763779527559,72.95833333333333,0.10415186,42.06134634278714,0.115846805,46.40065837372094,0.08829625,36.17825424484908
2024-12-31,0.03937007874015748,0.03937007874015748,17.583333333333332,0.15939254,62.55793876200914,0.13080586,51.95109280012547,0.114833295,46.02460396041472
