data,ghi_real_normalizado,ghi_previsto_lstm_normalizado,ghi_real_wm2,ghi_previsto_lstm_wm2
2023-10-26,0.8661417322834646,0.77025783,304.7916666666667,274.5596428463856
2023-10-27,0.7559055118110236,0.80401224,270.0833333333333,285.3680856898427
2023-10-28,0.8188976377952756,0.7928584,289.0833333333333,281.7965404813488
2023-10-29,0.8582677165354331,0.77761227,301.625,276.9145952786008
2023-10-30,0.9212598425196851,0.75670415,322.875,270.2196418866515
2023-10-31,0.8503937007874016,0.8002113,300.75,284.15099668006104
2023-11-01,0.8661417322834646,0.8109996,304.875,287.60548803955317
2023-11-02,0.6377952755905512,0.8067663,232.625,286.24994988242787
2023-11-03,0.7244094488188977,0.73842615,259.375,264.3668730929494
2023-11-04,0.8110236220472441,0.722424,286.9583333333333,259.24284228434163
2023-11-05,0.7952755905511811,0.73040795,281.7083333333333,261.7993800342083
2023-11-06,0.6456692913385826,0.7623542,235.625,272.02883289506036
2023-11-07,0.36220472440944884,0.72639495,144.16666666666666,260.51438337812823
2023-11-08,0.8110236220472441,0.6059094,288.5416666666667,221.93390807757774
2023-11-09,0.6850393700787402,0.6163031,246.375,225.26205075283843
2023-11-10,0.968503937007874,0.64177674,337.5833333333333,233.4189271305998
2023-11-11,0.9606299212598425,0.7797395,336.375,277.59575210511684
2023-11-12,0.9763779527559056,0.8081645,341.2916666666667,286.6976670175791
2023-11-13,0.968503937007874,0.82965386,339.0416666666667,293.57874614497024
2023-11-14,0.8740157480314961,0.81447476,307.375,288.71827258418006
2023-11-15,0.6929133858267716,0.82700425,249.33333333333331,292.73032045612734
2023-11-16,0.8188976377952756,0.76699734,289.375,273.5156057278315
2023-11-17,0.8110236220472441,0.774758,287.0833333333333,276.00062859555084
2023-11-18,0.8110236220472441,0.7690797,287.0,274.1823908686638
2023-11-19,0.9291338582677166,0.7851203,325.0,279.31873208532727
2023-11-20,0.7559055118110236,0.8071613,270.7916666666667,286.37643216798705
2023-11-21,0.7952755905511811,0.7828391,282.7083333333333,278.5882763688763
2023-11-22,0.6614173228346457,0.7610677,239.16666666666663,271.61688274393475
2023-11-23,0.8740157480314961,0.71974933,307.6666666666667,258.3864005158345
2023-11-24,0.968503937007874,0.7533921,339.0416666666667,269.15909546116984
2023-11-25,0.9763779527559056,0.79579407,340.0833333333333,282.73655942330754
2023-11-26,0.905511811023622,0.8381593,318.0833333333333,296.3022664686044
2023-11-27,0.84251968503937,0.82807124,296.75,293.0719772229592
2023-11-28,0.84251968503937,0.8118321,298.375,287.87206086019677
2023-11-29,0.9763779527559056,0.7843217,339.9583333333333,279.0630191440383
2023-11-30,0.952755905511811,0.8190351,333.125,290.17853509634733
2023-12-01,0.952755905511811,0.8365251,331.9166666666667,295.77896915376186
2023-12-02,0.9291338582677166,0.8445031,325.0833333333333,298.33359831323224
2023-12-03,0.968503937007874,0.8365092,337.9583333333333,295.77389230330783
2023-12-04,0.8976377952755905,0.8366494,315.0416666666667,295.8187823494275
2023-12-05,0.905511811023622,0.82906824,317.5,293.39122713853914
2023-12-06,0.7795275590551181,0.83259326,277.0,294.51996749887866
2023-12-07,0.5590551181102362,0.8039646,206.375,285.3528360525767
2023-12-08,0.6771653543307087,0.7315022,246.0,262.149759059151
2023-12-09,0.8976377952755905,0.6888963,314.5833333333333,248.50700221955773
2023-12-10,0.6299212598425197,0.74294645,230.45833333333331,265.8143098776539
2023-12-11,0.9133858267716536,0.727794,319.25,260.96236771593493
2023-12-12,0.5748031496062992,0.77918863,212.58333333333331,277.41936018069583
2023-12-13,0.8346456692913385,0.6923178,295.5833333333333,249.60259036471444
2023-12-14,0.8110236220472441,0.7167677,286.4583333333333,257.4316663419207
2023-12-15,0.7322834645669292,0.723546,261.875,259.6021344264348
2023-12-16,0.7086614173228346,0.76026565,253.83333333333331,271.360062820216
2023-12-17,0.84251968503937,0.7070015,296.9166666666667,254.30444097767273
2023-12-18,0.8661417322834646,0.7539562,305.0,269.3397244562705
2023-12-19,0.8031496062992126,0.75121784,286.25,268.4628798564275
2023-12-20,0.41732283464566927,0.7832385,160.54166666666666,278.7161519254247
2023-12-21,0.28346456692913385,0.6666171,117.5,241.3730157787601
2023-12-22,0.5669291338582677,0.5293344,210.625,197.41396096845466
2023-12-23,0.9133858267716536,0.511248,319.25,191.62253427008787
2023-12-24,0.7637795275590551,0.6517592,273.0,236.61539615442354
2023-12-25,0.9291338582677166,0.73942304,324.4166666666667,264.6860848367214
2023-12-26,0.8661417322834646,0.7948349,306.2083333333333,282.42942905674374
2023-12-27,0.8031496062992126,0.7578534,285.625,270.5876372009516
2023-12-28,0.8346456692913385,0.74395853,294.25,266.13838852693635
2023-12-29,0.8582677165354331,0.75919265,303.625,271.0164783770839
2023-12-30,0.9291338582677166,0.7917287,326.125,281.4347862576445
2023-12-31,0.8503937007874016,0.802761,299.6666666666667,284.9674343938629
2024-01-01,0.8582677165354331,0.8122052,301.7083333333333,287.9915386190017
2024-01-02,0.9448818897637795,0.80564535,330.1666666666667,285.89102037250996
2024-01-03,0.8740157480314961,0.8103952,307.0,287.4119569733739
2024-01-04,0.7401574803149606,0.81284994,265.2083333333333,288.19799084216356
2024-01-05,0.6692913385826772,0.78719324,243.125,279.9825016533335
2024-01-06,0.6299212598425197,0.7410058,230.54166666666663,265.1928919305404
2024-01-07,0.7637795275590551,0.6807113,271.5833333333333,245.8861068015297
2024-01-08,0.9212598425196851,0.6996132,322.9166666666667,251.93864775200683
2024-01-09,0.2755905511811024,0.7709768,115.08333333333331,274.78985701998073
2024-01-10,0.8582677165354331,0.6378731,301.5,232.16895310829082
2024-01-11,0.5039370078740157,0.6723514,189.875,243.20919425537187
2024-01-12,0.9921259842519685,0.5788725,344.5,213.2764656965931
2024-01-13,0.9763779527559056,0.7399407,341.5416666666667,264.8518459126353
2024-01-14,0.9606299212598425,0.79107094,336.4166666666667,281.2241733074188
2024-01-15,0.7322834645669292,0.8438855,261.625,298.1358301763733
2024-01-16,0.9133858267716536,0.7522498,320.0,268.79331411172944
2024-01-17,0.9763779527559056,0.8014009,339.4166666666667,284.53191315134364
2024-01-18,0.8582677165354331,0.79040635,303.25,281.01136547823745
2024-01-19,0.6535433070866141,0.82954556,237.5,293.5440670574705
2024-01-20,0.7874015748031497,0.7799761,281.2083333333333,277.67152314384776
2024-01-21,0.7637795275590551,0.7549598,271.375,269.6610929071903
2024-01-22,0.6220472440944882,0.7208561,227.125,258.7407875806093
2024-01-23,0.3937007874015748,0.717436,154.08333333333334,257.64565749714774
2024-01-24,0.5669291338582677,0.6168283,210.54166666666663,225.43023573855558
2024-01-25,0.25984251968503935,0.57620454,111.70833333333331,212.42216154932973
2024-01-26,0.5196850393700787,0.4856202,195.29166666666663,183.4163017446796
2024-01-27,0.3228346456692913,0.518935,131.16666666666666,194.08398604641357
2024-01-28,0.6692913385826772,0.4795656,241.75,181.47756516312558
2024-01-29,0.8346456692913385,0.5388015,295.2083333333333,200.44539418071506
2024-01-30,0.9606299212598425,0.59783524,334.625,219.3484933550159
2024-01-31,0.984251968503937,0.75796205,342.9583333333333,270.6224308038751
2024-02-01,0.9763779527559056,0.78685373,341.625,279.87378834436333
2024-02-02,0.7401574803149606,0.82351387,265.75,291.61266900599
2024-02-03,0.937007874015748,0.7628359,328.125,272.1830851708849
2024-02-04,0.9291338582677166,0.7957014,325.0,282.70688084264594
2024-02-05,0.9212598425196851,0.80952483,321.9583333333333,287.13326460371417
2024-02-06,0.8818897637795275,0.83353925,310.375,294.82287988066673
2024-02-07,0.7559055118110236,0.827207,270.3333333333333,292.7952507014076
2024-02-08,0.7480314960629921,0.797666,266.5,283.33597132315236
2024-02-09,0.28346456692913385,0.7475155,119.125,267.2773589317997
2024-02-10,0.6929133858267716,0.61098,250.125,223.55754592766363
2024-02-11,0.10236220472440945,0.61733395,60.91666666666666,225.59214146186906
2024-02-12,0.7559055118110236,0.4847796,271.0833333333333,183.14713324109712
2024-02-13,0.9133858267716536,0.57543653,319.2083333333333,212.17623967677352
2024-02-14,0.8110236220472441,0.648567,287.4583333333333,235.5932314818104
2024-02-15,0.8661417322834646,0.7657631,306.0416666666667,273.120393914481
2024-02-16,0.7007874015748031,0.74086624,251.83333333333331,265.1482118293643
2024-02-17,0.7480314960629921,0.73426974,267.875,263.03595575193566
2024-02-18,0.4094488188976378,0.6548458,157.95833333333334,237.60374060521522
2024-02-19,0.5748031496062992,0.6116414,213.125,223.76934220393497
2024-02-20,0.2677165354330709,0.6068728,114.79166666666669,222.24239354332286
2024-02-21,0.6141732283464567,0.5009594,224.20833333333331,188.32804004351297
2024-02-22,0.2992125984251969,0.55027,122.66666666666669,204.1177129621307
2024-02-23,0.44881889763779526,0.4838215,172.54166666666666,182.84034642080465
2024-02-24,0.33070866141732286,0.5074866,134.66666666666666,190.4180992146333
2024-02-25,0.9291338582677166,0.44716787,326.2916666666667,171.1035461227099
2024-02-26,0.8661417322834646,0.5891751,306.1666666666667,216.5754451105992
2024-02-27,0.937007874015748,0.658398,328.375,238.74118413776156
2024-02-28,0.84251968503937,0.79852587,297.8333333333333,283.61130457371473
2024-02-29,0.8188976377952756,0.7558503,289.5416666666667,269.9462363123894
2024-03-01,0.8188976377952756,0.75825804,289.0416666666667,270.71721140295267
2024-03-02,0.7401574803149606,0.7293378,263.8333333333333,261.4567117144664
2024-03-03,0.8740157480314961,0.7641794,307.9583333333333,272.6132814461986
2024-03-04,0.3858267716535433,0.7754256,151.95833333333334,276.2144098058343
2024-03-05,0.4251968503937008,0.66318953,165.29166666666666,240.27548087139922
2024-03-06,0.8661417322834646,0.5763042,305.625,212.45407318075496
2024-03-07,0.8818897637795275,0.6174229,310.2083333333333,225.62061763058105
2024-03-08,0.7874015748031497,0.7330096,281.2083333333333,262.63244157036144
2024-03-09,0.8976377952755905,0.7715133,314.625,274.96164924154675
2024-03-10,0.6850393700787402,0.79332864,246.83333333333331,281.9471091777086
2024-03-11,0.84251968503937,0.7013167,298.7916666666667,252.48412288725373
2024-03-12,0.84251968503937,0.7242761,297.4166666666667,259.8359176640709
2024-03-13,0.6771653543307087,0.7678395,243.66666666666663,273.785270464917
2024-03-14,0.49606299212598426,0.7510643,187.25,268.4137145678202
2024-03-15,0.8976377952755905,0.64917266,314.75,235.78716335197288
2024-03-16,0.889763779527559,0.71081567,313.1666666666667,255.52576705813405
2024-03-17,0.8976377952755905,0.7428298,314.75,265.7769587635994
2024-03-18,0.8110236220472441,0.8108195,286.4583333333333,287.5478295236826
2024-03-19,0.6692913385826772,0.79419523,242.375,282.2245991354187
2024-03-20,0.8346456692913385,0.73004085,296.0416666666667,261.68182995170355
2024-03-21,0.8503937007874016,0.713232,299.7083333333333,256.29949051886797
2024-03-22,0.8740157480314961,0.7696496,307.5416666666667,274.36489028235275
2024-03-23,0.8740157480314961,0.7983547,307.3333333333333,283.55648985753453
2024-03-24,0.8661417322834646,0.8045558,305.1666666666667,285.54213004807633
2024-03-25,0.6692913385826772,0.79979956,242.08333333333331,284.0191512554884
2024-03-26,0.4409448818897638,0.7406672,169.83333333333334,265.08448399603367
2024-03-27,0.6062992125984252,0.6450799,221.75,234.47662975639102
2024-03-28,0.5748031496062992,0.6054249,212.375,221.77875876426694
2024-03-29,0.8267716535433071,0.5941377,292.2916666666667,218.16451838860908
2024-03-30,0.6141732283464567,0.69084,223.625,249.12939354777333
2024-03-31,0.6929133858267716,0.67704153,249.33333333333331,244.71100678046542
2024-04-01,0.6299212598425197,0.6725024,228.625,243.25753885010877
2024-04-02,0.36220472440944884,0.60637647,142.875,222.08346522102752
2024-04-03,0.47244094488188976,0.55365425,178.41666666666666,205.20137241731086
2024-04-04,0.5118110236220472,0.51704663,191.25,193.4793064370751
2024-04-05,0.3937007874015748,0.530323,154.20833333333334,197.7305197715759
2024-04-06,0.4881889763779528,0.504519,183.91666666666663,189.46785022815067
2024-04-07,0.08661417322834646,0.51525474,55.708333333333336,192.90552690625188
2024-04-08,0.2677165354330709,0.4382797,113.66666666666669,168.25747520973283
2024-04-09,0.2440944881889764,0.41341686,106.20833333333331,160.2961911757787
2024-04-10,0.3937007874015748,0.4044312,153.41666666666666,157.41890526687104
2024-04-11,0.5905511811023622,0.430188,216.0,165.66644923140603
2024-04-12,0.6141732283464567,0.47347695,225.0,179.527930530409
2024-04-13,0.7952755905511811,0.5375063,283.2083333333333,200.03065748761097
2024-04-14,0.5748031496062992,0.5809833,212.125,213.95235481361547
2024-04-15,0.3779527559055118,0.5852054,148.79166666666666,215.30430482079583
2024-04-16,0.12598425196850394,0.5203539,68.20833333333333,194.53832599023977
2024-04-17,0.3464566929133858,0.43222556,138.125,166.31889131541053
2024-04-18,0.6850393700787402,0.42851618,246.25,165.13111825411517
2024-04-19,0.7165354330708661,0.48974755,258.0833333333333,184.73791470751164
2024-04-20,0.6220472440944882,0.60999274,228.08333333333331,223.2414261003335
2024-04-21,0.3937007874015748,0.623903,152.79166666666666,227.69559893757102
2024-04-22,0.30708661417322836,0.5292843,126.5,197.39790972322223
2024-04-23,0.48031496062992124,0.44683647,180.5,170.99742849667865
2024-04-24,0.5590551181102362,0.45897305,207.58333333333331,174.88366208970544
2024-04-25,0.6535433070866141,0.5126688,237.79166666666663,192.07748496284086
2024-04-26,0.3700787401574803,0.5789261,146.79166666666666,213.29362392425534
2024-04-27,0.6062992125984252,0.52867246,222.25,197.20199291904765
2024-04-28,0.7480314960629921,0.52411985,266.2083333333333,195.74421157439548
2024-04-29,0.7401574803149606,0.55601716,263.6666666666667,205.95799490809438
2024-04-30,0.4881889763779528,0.64638543,184.04166666666663,234.89466831088063
2024-05-01,0.6299212598425197,0.6040304,230.66666666666663,221.3322249551614
2024-05-02,0.6929133858267716,0.5972486,249.70833333333331,219.16064988821742
2024-05-03,0.6535433070866141,0.57416534,238.125,211.76919460296628
2024-05-04,0.5826771653543307,0.6285469,214.875,229.1826198870937
2024-05-05,0.4881889763779528,0.6259248,184.0,228.3430118858814
2024-05-06,0.5511811023622047,0.5759306,205.375,212.3344427347183
2024-05-07,0.5196850393700787,0.537072,194.75,199.8915975913405
2024-05-08,0.4015748031496063,0.5413717,156.75,201.26839744548002
2024-05-09,0.6850393700787402,0.52098584,246.79166666666663,194.7406747440497
2024-05-10,0.2204724409448819,0.55912864,97.29166666666669,206.95431726674238
2024-05-11,0.25984251968503935,0.48224008,110.04166666666669,182.33395921687284
2024-05-12,0.5984251968503937,0.4486272,219.70833333333331,171.5708358523746
2024-05-13,0.6299212598425197,0.46761957,228.70833333333331,177.65234920506674
2024-05-14,0.6929133858267716,0.52719754,249.45833333333331,196.72971222549674
2024-05-15,0.6929133858267716,0.59018564,251.0,216.8990275263786
2024-05-16,0.5118110236220472,0.64486873,192.83333333333331,234.40900839865205
2024-05-17,0.5196850393700787,0.5565454,194.08333333333331,206.12713418900964
2024-05-18,0.1968503937007874,0.5290557,91.33333333333331,197.32471528152624
2024-05-19,0.6141732283464567,0.47172907,223.33333333333331,178.96824593966204
2024-05-20,0.3858267716535433,0.50261796,150.45833333333334,188.85912440717217
2024-05-21,0.2755905511811024,0.48686904,116.41666666666669,183.81618960450092
2024-05-22,0.6299212598425197,0.47987047,230.08333333333331,181.57518956189352
2024-05-23,0.5826771653543307,0.48840883,213.66666666666663,184.30924530451495
2024-05-24,0.3228346456692913,0.5237276,132.375,195.61860724041858
2024-05-25,0.3543307086614173,0.48134527,141.16666666666666,182.0474320836365
2024-05-26,0.6614173228346457,0.47570938,239.83333333333331,180.24277397741872
2024-05-27,0.5669291338582677,0.4897193,210.5,184.72886798903343
2024-05-28,0.6299212598425197,0.5161947,229.45833333333331,193.20651161173978
2024-05-29,0.3464566929133858,0.5958198,139.95833333333334,218.7031225984295
2024-05-30,0.30708661417322836,0.5174162,125.54166666666669,193.59763904164234
2024-05-31,0.5433070866141733,0.45675418,201.45833333333331,174.1731606858472
2024-06-01,0.5354330708661418,0.4650641,199.16666666666663,176.8340697015325
2024-06-02,0.33070866141732286,0.51541674,134.70833333333334,192.95740239322183
2024-06-03,0.5984251968503937,0.49251994,220.625,185.62565735851723
2024-06-04,0.3228346456692913,0.51878333,131.20833333333334,194.03541242082912
2024-06-05,0.30708661417322836,0.46199363,125.54166666666669,175.8508784448107
2024-06-06,0.5196850393700787,0.4440807,194.66666666666663,170.11501081287858
2024-06-07,0.6220472440944882,0.46854955,226.08333333333331,177.95013702164093
2024-06-08,0.5826771653543307,0.5170434,213.875,193.47827579826114
2024-06-09,0.4881889763779528,0.54025006,185.45833333333331,200.90923890471456
2024-06-10,0.47244094488188976,0.5515621,179.45833333333334,204.53143810232478
2024-06-11,0.6062992125984252,0.49910295,220.875,187.7335904786984
2024-06-12,0.25984251968503935,0.5129052,112.08333333333331,192.15317965795595
2024-06-13,0.47244094488188976,0.4804274,179.58333333333334,181.75352824851868
2024-06-14,0.48031496062992124,0.49090093,182.04166666666663,185.1072364921371
2024-06-15,0.4881889763779528,0.4799554,183.29166666666663,181.60238697504002
2024-06-16,0.5354330708661418,0.49916846,199.5,187.75456588715312
2024-06-17,0.3228346456692913,0.5103666,131.58333333333334,191.34031100819507
2024-06-18,0.5748031496062992,0.48675692,212.20833333333331,183.78028901914755
2024-06-19,0.41732283464566927,0.48242927,161.29166666666666,182.39453787604967
2024-06-20,0.5826771653543307,0.4819159,213.75,182.23015098522106
2024-06-21,0.5433070866141733,0.5234918,202.625,195.5431034043431
2024-06-22,0.5984251968503937,0.5230361,219.41666666666663,195.39719166855016
2024-06-23,0.47244094488188976,0.5590964,178.625,206.94399179269868
2024-06-24,0.25984251968503935,0.51324636,110.25,192.26242737223703
2024-06-25,0.3464566929133858,0.479173,139.79166666666666,181.35185585667688
2024-06-26,0.5196850393700787,0.4374368,195.41666666666663,167.9875718988478
2024-06-27,0.2440944881889764,0.47034523,107.04166666666669,178.52512850736576
2024-06-28,0.5354330708661418,0.44936252,198.5,171.8062891066074
2024-06-29,0.6456692913385826,0.48533145,235.33333333333331,183.3238400829335
2024-06-30,0.6141732283464567,0.509588,224.20833333333331,191.09099184473354
2024-07-01,0.5511811023622047,0.547563,203.79166666666663,203.2509075477719
2024-07-02,0.6377952755905512,0.5525089,232.125,204.83461768676835
2024-07-03,0.5511811023622047,0.574603,204.58333333333331,211.9093423957626
2024-07-04,0.5905511811023622,0.5354584,216.25,199.37490399926898
2024-07-05,0.5196850393700787,0.57095754,194.91666666666663,210.742029423515
2024-07-06,0.4330708661417323,0.5593953,167.625,207.03970760107038
2024-07-07,0.5669291338582677,0.5257863,209.41666666666663,196.27781527737775
2024-07-08,0.5275590551181102,0.5245673,196.04166666666663,195.88748945544162
2024-07-09,0.6141732283464567,0.53579634,224.41666666666663,199.4831210747361
2024-07-10,0.5275590551181102,0.5611082,197.70833333333331,207.5881792232394
2024-07-11,0.6614173228346457,0.5548774,238.75,205.59303425252435
2024-07-12,0.5354330708661418,0.5770585,200.5,212.69560529539982
2024-07-13,0.5039370078740157,0.5518688,188.08333333333331,204.62965416411558
2024-07-14,0.5748031496062992,0.55317855,212.5,205.04904781778652
2024-07-15,0.5118110236220472,0.541706,191.58333333333331,201.3754502808054
2024-07-16,0.33858267716535434,0.5433172,135.79166666666666,201.8913613508145
2024-07-17,0.6299212598425197,0.49405506,229.04166666666663,186.1172148150702
2024-07-18,0.4409448818897638,0.5313778,168.0,198.0682639280955
2024-07-19,0.49606299212598426,0.50355047,187.5,189.15772337466476
2024-07-20,0.6692913385826772,0.5194469,241.75,194.2478957896431
2024-07-21,0.47244094488188976,0.5521159,178.125,204.7087843219439
2024-07-22,0.6535433070866141,0.5387394,236.79166666666663,200.4255066687862
2024-07-23,0.5669291338582677,0.5558109,208.70833333333331,205.8919576803843
2024-07-24,0.4409448818897638,0.56851894,169.16666666666666,209.96116783469913
2024-07-25,0.44881889763779526,0.52967167,171.41666666666666,197.52194901307422
2024-07-26,0.5354330708661418,0.5021739,200.25,188.71693442265192
2024-07-27,0.6771653543307087,0.52024424,244.91666666666663,194.50320792694885
2024-07-28,0.5433070866141733,0.5546701,202.79166666666663,205.52665347854295
2024-07-29,0.5826771653543307,0.57952595,215.0,213.4857044617335
2024-07-30,0.5275590551181102,0.5758449,197.41666666666663,212.3069972048203
2024-07-31,0.6614173228346457,0.53782886,239.375,200.13395039985576
2024-08-01,0.5984251968503937,0.56771654,218.875,209.7042333955566
2024-08-02,0.6771653543307087,0.5791047,244.5,213.35082437843081
2024-08-03,0.5433070866141733,0.62637866,201.58333333333331,228.48833195865151
2024-08-04,0.6456692913385826,0.58039606,234.16666666666663,213.76432048777738
2024-08-05,0.6220472440944882,0.5971446,226.16666666666663,219.12734498580295
2024-08-06,0.5669291338582677,0.5851245,209.70833333333331,215.27840524911878
2024-08-07,0.5984251968503937,0.59648865,218.70833333333331,218.91730461269614
2024-08-08,0.3779527559055118,0.582599,148.125,214.46971641232568
2024-08-09,0.5826771653543307,0.5327509,213.625,198.50794589767852
2024-08-10,0.7165354330708661,0.53138965,256.625,198.072062022984
2024-08-11,0.6692913385826772,0.5811537,242.66666666666663,214.00692141304413
2024-08-12,0.6062992125984252,0.6305035,222.33333333333331,229.80913377056518
2024-08-13,0.6535433070866141,0.6188058,236.625,226.0634487743179
2024-08-14,0.6220472440944882,0.613836,228.16666666666663,224.47206610192853
2024-08-15,0.4881889763779528,0.58192974,184.75,214.25541988263527
2024-08-16,0.6771653543307087,0.57076883,244.54166666666663,210.68160345156986
2024-08-17,0.3858267716535433,0.6010605,151.25,220.3812507043282
2024-08-18,0.7007874015748031,0.53847426,252.58333333333331,200.3406125679612
2024-08-19,0.6141732283464567,0.58180505,224.58333333333331,214.2154921715458
2024-08-20,0.5354330708661418,0.581723,198.5,214.1892108817895
2024-08-21,0.7559055118110236,0.5901673,270.0833333333333,216.89314906795818
2024-08-22,0.6692913385826772,0.6057499,243.0,221.88283419857422
2024-08-23,0.5669291338582677,0.6400976,209.83333333333331,232.88125813007352
2024-08-24,0.7086614173228346,0.5966981,255.375,218.9843724792202
2024-08-25,0.7795275590551181,0.6364257,276.5,231.7054710164666
2024-08-26,0.6771653543307087,0.6646903,245.875,240.75604484726983
2024-08-27,0.7007874015748031,0.6682212,253.20833333333331,241.88665562619764
2024-08-28,0.6299212598425197,0.69160515,229.0,249.37439929693934
2024-08-29,0.4881889763779528,0.64422035,183.33333333333331,234.20139193534848
2024-08-30,0.5511811023622047,0.5806593,205.0,213.84860383967558
2024-08-31,0.5984251968503937,0.57129085,219.33333333333331,210.84875779847303
2024-09-01,0.5748031496062992,0.57931125,212.25,213.41695703566072
2024-09-02,0.6456692913385826,0.5808477,233.58333333333331,213.90893438210088
2024-09-03,0.5984251968503937,0.60467094,219.25,221.5373411650459
2024-09-04,0.7716535433070866,0.5947419,274.25,218.3579731111725
2024-09-05,0.4566929133858268,0.6321606,175.125,230.3397600725293
2024-09-06,0.8110236220472441,0.5808883,288.2916666666667,213.9219318826993
2024-09-07,0.5511811023622047,0.6486697,203.375,235.6261164943377
2024-09-08,0.7716535433070866,0.59487593,273.875,218.40089730918405
2024-09-09,0.7007874015748031,0.67421323,253.04166666666663,243.80536155154306
2024-09-10,0.7244094488188977,0.6512708,260.375,236.45900625735518
2024-09-11,0.7086614173228346,0.70452195,255.58333333333331,253.51046737283465
2024-09-12,0.5905511811023622,0.654533,217.625,237.50359686712423
2024-09-13,0.5039370078740157,0.6612845,188.16666666666663,239.66547629485527
2024-09-14,0.7716535433070866,0.57692826,273.875,212.65390259524185
2024-09-15,0.8110236220472441,0.63710797,286.75,231.9239473591248
2024-09-16,0.84251968503937,0.6914251,297.875,249.31674078106877
2024-09-17,0.7874015748031497,0.75618446,279.0416666666667,270.05323189000285
2024-09-18,0.8110236220472441,0.7534136,288.2916666666667,269.1659854725003
2024-09-19,0.8740157480314961,0.7427747,307.625,265.7593233883381
2024-09-20,0.8503937007874016,0.74915266,299.375,267.80159145593643
2024-09-21,0.8582677165354331,0.7839589,303.8333333333333,278.94684324661887
2024-09-22,0.6692913385826772,0.7932438,241.95833333333331,281.91994993637
2024-09-23,0.7007874015748031,0.74997133,252.45833333333331,268.0637363468607
2024-09-24,0.5275590551181102,0.7141911,196.66666666666663,256.6066017995278
2024-09-25,0.6299212598425197,0.63498956,229.95833333333331,231.24561524639526
2024-09-26,0.6062992125984252,0.6362663,221.54166666666663,231.654435309271
2024-09-27,0.47244094488188976,0.6169302,179.75,225.4628535484274
2024-09-28,0.7322834645669292,0.59115744,263.5833333333333,217.21020410458246
2024-09-29,0.4330708661417323,0.60767215,166.45833333333334,222.49835460136333
2024-09-30,0.8582677165354331,0.5641784,301.8333333333333,208.57129413634536
2024-10-01,0.8031496062992126,0.64250344,285.625,233.65162247171003
2024-10-02,0.7480314960629921,0.68813056,267.0833333333333,248.26180561135212
2024-10-03,0.6299212598425197,0.73125964,228.41666666666663,262.0720985159278
2024-10-04,0.48031496062992124,0.65866184,182.5,238.82567743460336
2024-10-05,0.7559055118110236,0.6065693,268.75,222.14520812034604
2024-10-06,0.7637795275590551,0.5981649,273.625,219.45405748983222
2024-10-07,0.8818897637795275,0.68966717,309.25,248.75384021550414
2024-10-08,0.8503937007874016,0.76329666,300.8333333333333,272.3306192085147
2024-10-09,0.8346456692913385,0.7744718,294.4166666666667,275.9089971706271
2024-10-10,0.7401574803149606,0.7719818,264.625,275.11166444669163
2024-10-11,0.8110236220472441,0.72654486,287.125,260.5623844265938
2024-10-12,0.7716535433070866,0.7519202,275.0833333333333,268.68778814872104
2024-10-13,0.7716535433070866,0.7424845,275.5,265.6663941219449
2024-10-14,0.6377952755905512,0.7568013,231.54166666666663,270.2507519101103
2024-10-15,0.6220472440944882,0.7113116,227.375,255.68456177910167
2024-10-16,0.7244094488188977,0.6706772,259.1666666666667,242.67309029897052
2024-10-17,0.6299212598425197,0.66091704,230.0,239.54781169692674
2024-10-18,0.3779527559055118,0.6610177,149.41666666666666,239.58004778871933
2024-10-19,0.41732283464566927,0.580219,161.41666666666666,213.70761626710492
2024-10-20,0.6456692913385826,0.5241504,235.375,195.75398355722425
2024-10-21,0.889763779527559,0.5347907,311.9166666666667,199.16110370308158
2024-10-22,0.7795275590551181,0.6562923,277.9583333333333,238.06693640848
2024-10-23,0.7795275590551181,0.7337802,278.6666666666667,262.879203222692
2024-10-24,0.8661417322834646,0.7409733,305.125,265.1824901128809
2024-10-25,0.8740157480314961,0.72321355,308.1666666666667,259.49567325413227
2024-10-26,0.8976377952755905,0.7507142,316.4583333333333,268.30160396794474
2024-10-27,0.8110236220472441,0.79195726,286.875,281.50798069934046
2024-10-28,0.8346456692913385,0.7978,294.5833333333333,283.37887643525994
2024-10-29,0.937007874015748,0.78291005,328.25,278.6109885945916
2024-10-30,0.9291338582677166,0.79857874,326.5416666666667,283.6282337705294
2024-10-31,0.6692913385826772,0.8205054,243.16666666666663,290.64932708938915
2024-11-01,0.7952755905511811,0.78071094,282.2916666666667,277.90681416789687
2024-11-02,0.9212598425196851,0.7632281,322.5416666666667,272.30867041895783
2024-11-03,0.8031496062992126,0.772336,286.0833333333333,275.2250919739405
2024-11-04,0.937007874015748,0.7867881,327.1666666666667,279.8527747641007
2024-11-05,0.6456692913385826,0.81683993,235.25,289.47562033931416
2024-11-06,0.6692913385826772,0.7620452,242.875,271.929891568919
2024-11-07,0.6850393700787402,0.7022137,246.79166666666663,252.7713466559847
2024-11-08,0.7874015748031497,0.67215747,279.3333333333333,243.14708872387806
2024-11-09,0.6456692913385826,0.7242573,233.91666666666663,259.8298865184188
2024-11-10,0.5511811023622047,0.69514877,205.33333333333331,250.50909445931512
2024-11-11,0.18110236220472442,0.6646248,85.08333333333333,240.7350694388151
2024-11-12,0.7401574803149606,0.49717656,263.9166666666667,187.11674360558388
2024-11-13,0.9212598425196851,0.54434496,324.1666666666667,202.22045959283906
2024-11-14,0.8267716535433071,0.65605676,292.75,237.99150891602036
2024-11-15,0.8818897637795275,0.77440965,310.5416666666667,275.88909057279426
2024-11-16,0.8818897637795275,0.7835937,309.3333333333333,278.82990391304094
2024-11-17,0.8346456692913385,0.7741523,294.9583333333333,275.8066776394844
2024-11-18,0.952755905511811,0.73871803,333.7916666666667,264.4603367646535
2024-11-19,0.8582677165354331,0.8077602,303.25,286.56820733100176
2024-11-20,0.7401574803149606,0.81440216,265.9166666666667,288.6950259531538
2024-11-21,0.7165354330708661,0.783056,258.5416666666667,278.65772997339565
2024-11-22,0.8503937007874016,0.7463966,300.5416666666667,266.91907834261656
2024-11-23,0.6141732283464567,0.75714433,225.20833333333331,270.3605912874142
2024-11-24,0.23622047244094488,0.7133091,103.25,256.32418767859537
2024-11-25,0.3858267716535433,0.5861513,150.75,215.60719811667997
2024-11-26,0.2677165354330709,0.5028267,114.625,188.9259632428487
2024-11-27,0.2204724409448819,0.4535751,98.5,173.15519491210577
2024-11-28,0.8661417322834646,0.43954706,305.25,168.66329878568646
2024-11-29,0.9133858267716536,0.55214995,319.625,204.71968237310645
2024-11-30,0.8267716535433071,0.67598593,292.3333333333333,244.37299542129037
2024-12-01,0.8188976377952756,0.73503023,290.0,263.2794728005926
2024-12-02,0.889763779527559,0.74041086,311.9583333333333,265.00239552309114
2024-12-03,0.8267716535433071,0.7354847,292.7083333333333,263.42500281830627
2024-12-04,0.937007874015748,0.73097897,327.4166666666667,261.9822229941686
2024-12-05,0.7559055118110236,0.8117982,270.8333333333333,287.86122006674606
2024-12-06,0.968503937007874,0.78883135,337.25,280.5070395519336
2024-12-07,0.7795275590551181,0.8100485,276.6666666666667,287.30095335592824
2024-12-08,0.9212598425196851,0.7829893,322.5833333333333,278.63637284686166
2024-12-09,0.8582677165354331,0.81249875,303.5,288.0855366960168
2024-12-10,0.905511811023622,0.7959162,318.625,282.7756664405266
2024-12-11,0.9448818897637795,0.8188464,330.5833333333333,290.1181091244022
2024-12-12,0.8346456692913385,0.8149742,296.0,288.87819337348145
2024-12-13,0.8818897637795275,0.8192577,310.7916666666667,290.24980186174315
2024-12-14,0.8188976377952756,0.80413663,290.9583333333333,285.40791797141236
2024-12-15,0.6614173228346457,0.7963367,239.66666666666663,282.91031749298173
2024-12-16,0.7322834645669292,0.7493657,262.8333333333333,267.8698044766982
2024-12-17,0.8582677165354331,0.7295579,302.7083333333333,261.5271768718958
2024-12-18,0.7952755905511811,0.7550704,282.5,269.69649725904065
2024-12-19,0.7559055118110236,0.7633239,269.7083333333333,272.3393414666255
2024-12-20,0.9133858267716536,0.7639087,320.0416666666667,272.5265932704011
2024-12-21,0.937007874015748,0.7795414,329.1666666666667,277.53231056034565
2024-12-22,0.8818897637795275,0.7947499,309.125,282.4022125576933
2024-12-23,0.8740157480314961,0.8113794,307.9166666666667,287.7271034196019
2024-12-24,0.8976377952755905,0.8133897,316.0833333333333,288.37083278844756
2024-12-25,0.8346456692913385,0.807036,294.375,286.33631359785795
2024-12-26,0.937007874015748,0.7950242,327.7083333333333,282.4900458877285
2024-12-27,0.9606299212598425,0.8189454,336.0,290.1498108108838
2024-12-28,0.984251968503937,0.8310985,343.375,294.0413311993082
2024-12-29,0.6535433070866141,0.84247005,236.125,297.68259721497697
2024-12-30,0.9448818897637795,0.7923861,330.7083333333333,281.64530377835035
2024-12-31,0.8503937007874016,0.80347466,300.5,285.19594992200535
